-- --------------------------------------------------------
-- 主机:                           127.0.0.1
-- 服务器版本:                        8.0.11 - MySQL Community Server - GPL
-- 服务器操作系统:                      Win64
-- HeidiSQL 版本:                  9.4.0.5125
-- --------------------------------------------------------

/*!40101 SET @OLD_CHARACTER_SET_CLIENT=@@CHARACTER_SET_CLIENT */;
/*!40101 SET NAMES utf8 */;
/*!50503 SET NAMES utf8mb4 */;
/*!40014 SET @OLD_FOREIGN_KEY_CHECKS=@@FOREIGN_KEY_CHECKS, FOREIGN_KEY_CHECKS=0 */;
/*!40101 SET @OLD_SQL_MODE=@@SQL_MODE, SQL_MODE='NO_AUTO_VALUE_ON_ZERO' */;


-- 导出 db_jxc 的数据库结构
CREATE DATABASE IF NOT EXISTS `db_jxc` /*!40100 DEFAULT CHARACTER SET utf8 COLLATE utf8_bin */;
USE `db_jxc`;

-- 导出  表 db_jxc.t_customer 结构
CREATE TABLE IF NOT EXISTS `t_customer` (
  `id` int(11) NOT NULL AUTO_INCREMENT,
  `address` varchar(300) DEFAULT NULL,
  `contact` varchar(50) DEFAULT NULL,
  `name` varchar(200) DEFAULT NULL,
  `number` varchar(50) DEFAULT NULL,
  `remarks` varchar(1000) DEFAULT NULL,
  PRIMARY KEY (`id`)
) ENGINE=InnoDB AUTO_INCREMENT=11 DEFAULT CHARSET=utf8 COMMENT='客户';

-- 正在导出表  db_jxc.t_customer 的数据：~3 rows (大约)
/*!40000 ALTER TABLE `t_customer` DISABLE KEYS */;
INSERT INTO `t_customer` (`id`, `address`, `contact`, `name`, `number`, `remarks`) VALUES
	(1, '某个山洞', '小八', '杨过', '13540128736', ''),
	(2, '唐门', '小九', '唐三', '13547802938', '可能已经转世'),
	(3, '史莱克学院', '小九', '小舞', '13652436989', ''),
	(10, '某个山东', '小十', '小龙女', '18621225534', '是个小仙女');
/*!40000 ALTER TABLE `t_customer` ENABLE KEYS */;

-- 导出  表 db_jxc.t_customer_return_list 结构
CREATE TABLE IF NOT EXISTS `t_customer_return_list` (
  `id` int(11) NOT NULL AUTO_INCREMENT,
  `amount_paid` float NOT NULL,
  `amount_payable` float NOT NULL,
  `customer_return_date` datetime DEFAULT NULL,
  `customer_return_number` varchar(100) DEFAULT NULL,
  `remarks` varchar(1000) DEFAULT NULL,
  `state` int(11) DEFAULT NULL,
  `user_id` int(11) DEFAULT NULL,
  `customer_id` int(11) DEFAULT NULL,
  PRIMARY KEY (`id`),
  KEY `FKd55ju83f0ntixagdvdrsmw10c` (`user_id`),
  KEY `FKl0ahdwa8slkocbfe57opembfx` (`customer_id`),
  CONSTRAINT `FKd55ju83f0ntixagdvdrsmw10c` FOREIGN KEY (`user_id`) REFERENCES `t_user` (`id`),
  CONSTRAINT `FKl0ahdwa8slkocbfe57opembfx` FOREIGN KEY (`customer_id`) REFERENCES `t_customer` (`id`)
) ENGINE=InnoDB AUTO_INCREMENT=8 DEFAULT CHARSET=utf8 COMMENT='客户退货单';

-- 正在导出表  db_jxc.t_customer_return_list 的数据：~0 rows (大约)
/*!40000 ALTER TABLE `t_customer_return_list` DISABLE KEYS */;
INSERT INTO `t_customer_return_list` (`id`, `amount_paid`, `amount_payable`, `customer_return_date`, `customer_return_number`, `remarks`, `state`, `user_id`, `customer_id`) VALUES
	(7, 250, 250, '2019-05-14 00:00:00', 'XT201905140001', '', 1, 1, 2);
/*!40000 ALTER TABLE `t_customer_return_list` ENABLE KEYS */;

-- 导出  表 db_jxc.t_customer_return_list_drugs 结构
CREATE TABLE IF NOT EXISTS `t_customer_return_list_drugs` (
  `id` int(11) NOT NULL AUTO_INCREMENT,
  `code` varchar(50) DEFAULT NULL,
  `model` varchar(50) DEFAULT NULL,
  `name` varchar(50) DEFAULT NULL,
  `num` int(11) NOT NULL,
  `price` float NOT NULL,
  `total` float NOT NULL,
  `unit` varchar(10) DEFAULT NULL,
  `customer_return_list_id` int(11) DEFAULT NULL,
  `type_id` int(11) DEFAULT NULL,
  `drugs_id` int(11) DEFAULT NULL,
  PRIMARY KEY (`id`),
  KEY `FKtqt67mbn96lxn8hvtl4piblhi` (`customer_return_list_id`),
  KEY `FK4sm5si4swbj3gae46jfk441yx` (`type_id`),
  CONSTRAINT `FK4sm5si4swbj3gae46jfk441yx` FOREIGN KEY (`type_id`) REFERENCES `t_drugstype` (`id`),
  CONSTRAINT `FK8tatyqs65dx3992nqgjhfuog2` FOREIGN KEY (`customer_return_list_id`) REFERENCES `t_customer_return_list` (`id`),
  CONSTRAINT `FKsbeiu2l03ngwa8vtdwl4si0mb` FOREIGN KEY (`type_id`) REFERENCES `t_drugstype` (`id`),
  CONSTRAINT `FKtqt67mbn96lxn8hvtl4piblhi` FOREIGN KEY (`customer_return_list_id`) REFERENCES `t_customer_return_list` (`id`)
) ENGINE=InnoDB AUTO_INCREMENT=12 DEFAULT CHARSET=utf8 COMMENT='退货药品';

-- 正在导出表  db_jxc.t_customer_return_list_drugs 的数据：~0 rows (大约)
/*!40000 ALTER TABLE `t_customer_return_list_drugs` DISABLE KEYS */;
INSERT INTO `t_customer_return_list_drugs` (`id`, `code`, `model`, `name`, `num`, `price`, `total`, `unit`, `customer_return_list_id`, `type_id`, `drugs_id`) VALUES
	(11, '0002', '一盒四板', '恩甘定 恩替卡韦分散片', 10, 25, 250, '盒', 7, 6, 2);
/*!40000 ALTER TABLE `t_customer_return_list_drugs` ENABLE KEYS */;

-- 导出  表 db_jxc.t_drugs 结构
CREATE TABLE IF NOT EXISTS `t_drugs` (
  `id` int(11) NOT NULL AUTO_INCREMENT,
  `code` varchar(50) DEFAULT NULL,
  `inventory_quantity` int(11) NOT NULL,
  `min_num` int(11) NOT NULL,
  `model` varchar(50) DEFAULT NULL,
  `name` varchar(50) DEFAULT NULL,
  `producer` varchar(200) DEFAULT NULL,
  `purchasing_price` float NOT NULL,
  `remarks` varchar(1000) DEFAULT NULL,
  `selling_price` float NOT NULL,
  `unit` varchar(10) DEFAULT NULL,
  `type_id` int(11) DEFAULT NULL,
  `state` int(11) NOT NULL,
  `last_purchasing_price` float NOT NULL,
  PRIMARY KEY (`id`),
  KEY `FKlxnna5ngumghp4f279mmbjtyo` (`type_id`),
  CONSTRAINT `FKlxnna5ngumghp4f279mmbjtyo` FOREIGN KEY (`type_id`) REFERENCES `t_drugstype` (`id`),
  CONSTRAINT `FKry2q8bp9t63vtfranhaj5839p` FOREIGN KEY (`type_id`) REFERENCES `t_drugstype` (`id`)
) ENGINE=InnoDB AUTO_INCREMENT=75 DEFAULT CHARSET=utf8 COMMENT='药品';

-- 正在导出表  db_jxc.t_drugs 的数据：~39 rows (大约)
/*!40000 ALTER TABLE `t_drugs` DISABLE KEYS */;
INSERT INTO `t_drugs` (`id`, `code`, `inventory_quantity`, `min_num`, `model`, `name`, `producer`, `purchasing_price`, `remarks`, `selling_price`, `unit`, `type_id`, `state`, `last_purchasing_price`) VALUES
	(1, '0001', 900, 800, '一盒四板', '维力青 恩替卡韦分散片', '梅花桩中医药有限公司', 12, '好卖', 20, '盒', 6, 2, 0),
	(2, '0002', 810, 400, '一盒四板', '恩甘定 恩替卡韦分散片', '梅花桩中医药有限公司', 18, '热销', 25, '盒', 6, 2, 0),
	(38, '0003', 902, 200, '一盒六板', '谱乐益 匹多莫德颗粒', '少林药品有限公司', 40, '', 60, '盒', 7, 2, 40),
	(39, '0004', 1002, 100, '一盒两袋', '辛喜 鸦胆子油软胶囊', '少林药品有限公司', 90, '', 120, '盒', 7, 2, 90),
	(40, '0005', 1992, 100, '一包一版 一版十粒', '芙瑞 来曲唑片', '峨眉派医药品有限公司', 80, '', 100, '包', 7, 2, 80),
	(41, '0006', 2001, 400, '0.33g*120', '理洫王 血塞通软胶囊', '峨眉派医药品有限公司', 152, '', 188, '瓶', 8, 2, 152),
	(42, '0007', 1990, 200, '一盒四板', '开浦兰 左乙拉西坦片', '蜀山派国内药品生产公司', 218, '', 255, '盒', 8, 2, 218),
	(43, '0008', 10000, 1000, '一盒四板', '曲莱 奥卡西平片', '蜀山派国内药品生产公司', 185, '', 212, '盒', 8, 0, 185),
	(44, '0009', 100, 400, '一盒100粒', '同仁堂 安宫牛黄丸', '蜀山派国内药品生产公司', 560, '', 680, '盒', 8, 0, 560),
	(45, '0010', 1000, 1000, '0.36g*28粒', '康弘 疏肝解郁胶囊', '蜀山派国内药品生产公司', 55, '', 68, '盒', 9, 0, 55),
	(46, '0011', 10000, 600, '一盒两板', '弥可保 甲钴胺片', '蜀山派国内药品生产公司', 28, '', 33, '盒', 9, 0, 28),
	(47, '0012', 10000, 1000, '一盒四板', '思博海 盐酸多奈哌齐片', '梅花桩中医药有限公司', 28, '', 37, '盒', 9, 0, 28),
	(48, '0013', 10000, 2000, '一盒四板', '达菲 磷酸奥司他韦胶囊', '梅花桩中医药有限公司', 2220, '', 260, '盒', 11, 0, 222),
	(49, '0014', 0, 2000, '60mg*100丸', '天一堂 抗病毒滴丸', '少林药品有限公司', 22, '', 33, '盒', 11, 0, 22),
	(50, '0015', 10000, 10000, '10ml*10支', '抗病毒口服液', '少林药品有限公司', 10, '', 13, '盒', 11, 0, 10),
	(51, '0016', 0, 10000, '10ml*10支', '藿香正气口服液', '少林药品有限公司', 15, '', 20, '盒', 11, 0, 15),
	(52, '0017', 10000, 20000, '12片', '维C银翘片', '少林药品有限公司', 3, '', 6, '盒', 11, 0, 3),
	(53, '0018', 0, 20000, '一盒10粒', '复方氨酚烷胺胶囊', '蜀山派国内药品生产公司', 10, '', 15, '盒', 11, 0, 10),
	(54, '0019', 400, 20000, '0.36*14粒/盒', '比拜克胶囊', '蜀山派国内药品生产公司', 16, '', 19, '盒', 12, 0, 16),
	(55, '0020', 0, 20000, '6g*10丸', '牛黄上清丸', '蜀山派国内药品生产公司', 10, '', 13, '盒', 12, 0, 10),
	(56, '0021', 0, 400, '25g*5片', '芦荟清莹祛痘天丝面膜', '峨眉派医药品有限公司', 88, '', 122, '盒', 13, 0, 88),
	(57, '0022', 2000, 20000, '10ml/瓶', '风油精', '少林', 5, '', 9, '瓶', 14, 0, 5),
	(58, '0023', 2000, 20000, '50片/盒', '云南白药创可贴', '少林药品有限公司', 10, '', 16, '瓶', 14, 0, 10),
	(59, '0024', 0, 1000, '60g', '维生素C片', '峨眉派医药品有限公司', 88, '', 128, '瓶', 15, 0, 88),
	(60, '0025', 800, 400, '80g', '维生素C加天然维生素E咀嚼片', '峨眉派医药品有限公司', 147, '', 200, '瓶', 15, 0, 147),
	(61, '0026', 1000, 400, '500g装', '百合康牌苦瓜洋参软胶囊', '梅花桩中医药有限公司', 95, '', 122, '瓶', 16, 0, 95),
	(62, '0027', 0, 1000, '一盒四板', '氨糖软骨素钙片', '梅花桩中医药有限公司', 375, '', 425, '盒', 16, 0, 375),
	(63, '0028', 0, 1000, '450g', '蛋白粉', '梅花桩中医药有限公司', 278, '', 322, '瓶', 16, 0, 278),
	(64, '0029', 0, 1000, '450g', '百花蜂蜜', '少林药品有限公司', 20, '', 25, '瓶', 17, 0, 20),
	(65, '0030', 0, 1000, '0.5g*80粒', '鳕鱼肝油软胶囊', '少林药品有限公司', 60, '', 75, '瓶', 17, 0, 60),
	(66, '0031', 0, 1000, '900g*2', '安全素全营养配方粉', '蜀山派国内药品生产公司', 400, '', 440, '箱', 18, 0, 400),
	(67, '0032', 0, 10000, '100ml', '氨基酸口服液', '蜀山派国内药品生产公司', 18, '', 25, '盒', 18, 0, 18),
	(68, '0033', 0, 10000, '500g装', '阿胶', '梅花桩中医药有限公司', 2499, '', 2999, '盒', 19, 0, 2499),
	(69, '0034', 0, 1000, '500g装', '多种维生素矿物质片', '梅花桩中医药有限公司', 116, '', 156, '瓶', 19, 0, 116),
	(70, '0035', 1000, 1000, '70ml*6瓶', '冰糖燕窝饮品（金装）', '梅花桩中医药有限公司', 248, '', 299, '盒', 19, 2, 248),
	(71, '0036', 0, 1000, '70ml*6瓶', '麒麟丸', '梅花桩中医药有限公司', 546, '', 666, '盒', 20, 0, 546),
	(72, '0037', 0, 1000, '360粒', '六味地黄丸浓缩丸', '梅花桩中医药有限公司', 144, '', 188, '瓶', 20, 0, 144),
	(73, '0038', 1000, 1000, '0.3g*60粒', '补肾益寿胶囊', '梅花桩中医药有限公司', 200, '', 324, '瓶', 20, 0, 267),
	(74, '0039', 10, 50, '1台', '紫外线光疗仪', '逍遥派医药器械有限公司', 1982, NULL, 1982, '台', 21, 2, 1982);
/*!40000 ALTER TABLE `t_drugs` ENABLE KEYS */;

-- 导出  表 db_jxc.t_drugstype 结构
CREATE TABLE IF NOT EXISTS `t_drugstype` (
  `id` int(11) NOT NULL AUTO_INCREMENT,
  `name` varchar(50) DEFAULT NULL,
  `p_id` int(11) DEFAULT NULL,
  `state` int(11) DEFAULT NULL,
  `icon` varchar(100) DEFAULT NULL,
  PRIMARY KEY (`id`)
) ENGINE=InnoDB AUTO_INCREMENT=28 DEFAULT CHARSET=utf8 COMMENT='药品类型';

-- 正在导出表  db_jxc.t_drugstype 的数据：~23 rows (大约)
/*!40000 ALTER TABLE `t_drugstype` DISABLE KEYS */;
INSERT INTO `t_drugstype` (`id`, `name`, `p_id`, `state`, `icon`) VALUES
	(1, '所有类别', -1, 1, 'icon-folderOpen'),
	(2, '专科用药', 1, 1, 'icon-folder'),
	(3, '家庭常备', 1, 1, 'icon-folder'),
	(4, '滋补保健', 1, 1, 'icon-folder'),
	(5, '器械商城', 1, 1, 'icon-folder'),
	(6, '肝胆科', 2, 0, 'icon-folder'),
	(7, '肿瘤科', 2, 0, 'icon-folder'),
	(8, '神经内科', 2, 0, 'icon-folder'),
	(9, '精神心理', 2, 0, 'icon-folder'),
	(10, '消化科', 2, 0, 'icon-folder'),
	(11, '感冒发烧', 3, 0, 'icon-folder'),
	(12, '消热消炎', 3, 0, 'icon-folder'),
	(13, '日常护理', 3, 0, 'icon-folder'),
	(14, '外用常备', 3, 0, 'icon-folder'),
	(15, '母婴保健', 4, 0, 'icon-folder'),
	(16, '关爱中老年', 4, 0, 'icon-folder'),
	(17, '活力儿童', 4, 0, 'icon-folder'),
	(18, '基础营养', 4, 0, 'icon-folder'),
	(19, '美丽女人', 4, 0, 'icon-folder'),
	(20, '强壮男人', 4, 0, 'icon-folder'),
	(21, '医用器械', 5, 0, 'icon-folder'),
	(22, '保健器材', 5, 0, 'icon-folder'),
	(23, '家用检测', 5, 0, 'icon-folder');
/*!40000 ALTER TABLE `t_drugstype` ENABLE KEYS */;

-- 导出  表 db_jxc.t_drugsunit 结构
CREATE TABLE IF NOT EXISTS `t_drugsunit` (
  `id` int(11) NOT NULL AUTO_INCREMENT,
  `name` varchar(10) DEFAULT NULL,
  PRIMARY KEY (`id`)
) ENGINE=InnoDB AUTO_INCREMENT=13 DEFAULT CHARSET=utf8 COMMENT='药品单位';

-- 正在导出表  db_jxc.t_drugsunit 的数据：~8 rows (大约)
/*!40000 ALTER TABLE `t_drugsunit` DISABLE KEYS */;
INSERT INTO `t_drugsunit` (`id`, `name`) VALUES
	(1, '个'),
	(2, '袋'),
	(3, '盒'),
	(4, '箱'),
	(5, '剂'),
	(6, '包'),
	(11, '瓶'),
	(12, '台');
/*!40000 ALTER TABLE `t_drugsunit` ENABLE KEYS */;

-- 导出  表 db_jxc.t_log 结构
CREATE TABLE IF NOT EXISTS `t_log` (
  `id` int(11) NOT NULL AUTO_INCREMENT,
  `content` varchar(1000) DEFAULT NULL,
  `time` datetime DEFAULT NULL,
  `type` varchar(100) DEFAULT NULL,
  `user_id` int(11) DEFAULT NULL,
  PRIMARY KEY (`id`),
  KEY `FKbvn5yabu3vqwvtjoh32i9r4ip` (`user_id`),
  CONSTRAINT `FKbvn5yabu3vqwvtjoh32i9r4ip` FOREIGN KEY (`user_id`) REFERENCES `t_user` (`id`)
) ENGINE=InnoDB AUTO_INCREMENT=7284 DEFAULT CHARSET=utf8 COMMENT='日志';

-- 正在导出表  db_jxc.t_log 的数据：~2,227 rows (大约)
/*!40000 ALTER TABLE `t_log` DISABLE KEYS */;
INSERT INTO `t_log` (`id`, `content`, `time`, `type`, `user_id`) VALUES
	(4778, '查询药品库存信息', '2019-05-05 19:23:58', '查询操作', 1),
	(4779, '查询供应商信息', '2019-05-05 19:24:23', '查询操作', 1),
	(4780, '查询供应商信息', '2019-05-05 19:24:23', '查询操作', 1),
	(4781, '添加供应商信息[id=null, name=梅花桩中医药有限公司, contact=小一, number=0773-7217175, address=武林梅花桩, remarks=值得信赖]', '2019-05-05 19:25:06', '添加操作', 1),
	(4782, '查询供应商信息', '2019-05-05 19:25:06', '查询操作', 1),
	(4783, '删除供应商信息[id=15, name=梅花桩中医药有限公司, contact=小一, number=0773-7217175, address=武林梅花桩, remarks=值得信赖]', '2019-05-05 19:26:02', '删除操作', 1),
	(4784, '查询供应商信息', '2019-05-05 19:26:02', '查询操作', 1),
	(4785, '添加供应商信息[id=null, name=梅花桩中医药有限公司, contact=小一, number=0773-7217175, address=武林梅花桩, remarks=值得信赖]', '2019-05-05 19:26:29', '添加操作', 1),
	(4786, '查询供应商信息', '2019-05-05 19:26:29', '查询操作', 1),
	(4787, '删除供应商信息[id=16, name=梅花桩中医药有限公司, contact=小一, number=0773-7217175, address=武林梅花桩, remarks=值得信赖]', '2019-05-05 19:26:44', '删除操作', 1),
	(4788, '查询供应商信息', '2019-05-05 19:26:44', '查询操作', 1),
	(4789, '查询药品库存信息', '2019-05-05 19:26:50', '查询操作', 1),
	(4790, '用户登录', '2019-05-05 19:27:47', '登录操作', 1),
	(4791, '查询药品库存信息', '2019-05-05 19:27:48', '查询操作', 1),
	(4792, '查询角色信息', '2019-05-05 19:27:50', '查询操作', 1),
	(4793, '查询角色信息', '2019-05-05 19:27:50', '查询操作', 1),
	(4794, '查询供应商信息', '2019-05-05 19:27:53', '查询操作', 1),
	(4795, '查询供应商信息', '2019-05-05 19:27:53', '查询操作', 1),
	(4796, '添加供应商信息[id=null, name=梅花桩中医药有限公司, contact=小一, number=0773-7217175, address=武林梅花桩, remarks=值得信赖]', '2019-05-05 19:28:07', '添加操作', 1),
	(4797, '查询供应商信息', '2019-05-05 19:28:07', '查询操作', 1),
	(4798, '查询药品库存信息', '2019-05-05 19:29:08', '查询操作', 1),
	(4799, '查询供应商信息', '2019-05-05 19:29:09', '查询操作', 1),
	(4800, '查询供应商信息', '2019-05-05 19:29:09', '查询操作', 1),
	(4801, '更新供应商信息[id=1, name=梅花桩中医药有限公司, contact=小一, number=0773-7217175, address=武当梅花桩, remarks=值得信赖]', '2019-05-05 19:29:29', '更新操作', 1),
	(4802, '查询供应商信息', '2019-05-05 19:29:29', '查询操作', 1),
	(4803, '添加供应商信息[id=null, name=少林药品有限公司, contact=小二, number=2131-123123, address=少林寺, remarks=]', '2019-05-05 19:30:54', '添加操作', 1),
	(4804, '查询供应商信息', '2019-05-05 19:30:54', '查询操作', 1),
	(4805, '添加供应商信息[id=null, name=逍遥派医药器械有限公司, contact=小三, number=0773-7217166, address=逍遥岛, remarks=]', '2019-05-05 19:32:01', '添加操作', 1),
	(4806, '查询供应商信息', '2019-05-05 19:32:01', '查询操作', 1),
	(4807, '添加供应商信息[id=null, name=峨眉派医药品有限公司, contact=小四, number=0131-123123, address=峨眉山, remarks=]', '2019-05-05 19:32:42', '添加操作', 1),
	(4808, '查询供应商信息', '2019-05-05 19:32:42', '查询操作', 1),
	(4809, '添加供应商信息[id=null, name=昆仑正宗家用医药器械有限公司, contact=小五, number=0101-12312312, address=昆仑山, remarks=]', '2019-05-05 19:33:55', '添加操作', 1),
	(4810, '查询供应商信息', '2019-05-05 19:33:55', '查询操作', 1),
	(4811, '添加供应商信息[id=null, name=蜀山派国内药品生产公司, contact=小六, number=0666-7217175, address=蜀山, remarks=]', '2019-05-05 19:34:48', '添加操作', 1),
	(4812, '查询供应商信息', '2019-05-05 19:34:48', '查询操作', 1),
	(4813, '添加供应商信息[id=null, name=魔山派进口药品有限公司, contact=小七, number=1131-12312312, address=魔山, remarks=卖假药]', '2019-05-05 19:35:43', '添加操作', 1),
	(4814, '查询供应商信息', '2019-05-05 19:35:43', '查询操作', 1),
	(4815, '查询药品库存信息', '2019-05-05 19:36:01', '查询操作', 1),
	(4816, '查询客户信息', '2019-05-05 19:36:02', '查询操作', 1),
	(4817, '查询客户信息', '2019-05-05 19:36:02', '查询操作', 1),
	(4818, '查询供应商信息', '2019-05-05 19:36:03', '查询操作', 1),
	(4819, '查询供应商信息', '2019-05-05 19:36:03', '查询操作', 1),
	(4820, '查询药品类别信息', '2019-05-05 19:36:13', '查询操作', 1),
	(4821, '查询药品类别信息', '2019-05-05 19:36:13', '查询操作', 1),
	(4822, '查询药品类别信息', '2019-05-05 19:36:13', '查询操作', 1),
	(4823, '查询药品信息', '2019-05-05 19:36:13', '查询操作', 1),
	(4824, '查询药品单位信息', '2019-05-05 19:36:13', '查询操作', 1),
	(4825, '查询药品信息', '2019-05-05 19:36:13', '查询操作', 1),
	(4826, '查询药品单位信息', '2019-05-05 19:36:13', '查询操作', 1),
	(4827, '查询药品类别信息', '2019-05-05 19:36:14', '查询操作', 1),
	(4828, '查询药品类别信息', '2019-05-05 19:36:14', '查询操作', 1),
	(4829, '查询药品类别信息', '2019-05-05 19:36:14', '查询操作', 1),
	(4830, '查询药品类别信息', '2019-05-05 19:36:14', '查询操作', 1),
	(4831, '查询药品类别信息', '2019-05-05 19:36:14', '查询操作', 1),
	(4832, '查询药品类别信息', '2019-05-05 19:36:14', '查询操作', 1),
	(4833, '查询药品类别信息', '2019-05-05 19:36:14', '查询操作', 1),
	(4834, '查询药品类别信息', '2019-05-05 19:36:14', '查询操作', 1),
	(4835, '查询药品类别信息', '2019-05-05 19:36:14', '查询操作', 1),
	(4836, '查询药品类别信息', '2019-05-05 19:36:14', '查询操作', 1),
	(4837, '查询药品类别信息', '2019-05-05 19:36:14', '查询操作', 1),
	(4838, '查询药品类别信息', '2019-05-05 19:36:14', '查询操作', 1),
	(4839, '查询药品类别信息', '2019-05-05 19:36:14', '查询操作', 1),
	(4840, '查询药品类别信息', '2019-05-05 19:36:14', '查询操作', 1),
	(4841, '查询药品类别信息', '2019-05-05 19:36:14', '查询操作', 1),
	(4842, '查询药品类别信息', '2019-05-05 19:36:14', '查询操作', 1),
	(4843, '查询药品类别信息', '2019-05-05 19:36:14', '查询操作', 1),
	(4844, '查询药品类别信息', '2019-05-05 19:36:14', '查询操作', 1),
	(4845, '查询药品类别信息', '2019-05-05 19:36:14', '查询操作', 1),
	(4846, '查询药品类别信息', '2019-05-05 19:36:14', '查询操作', 1),
	(4847, '查询药品类别信息', '2019-05-05 19:36:14', '查询操作', 1),
	(4848, '查询药品类别信息', '2019-05-05 19:36:14', '查询操作', 1),
	(4849, '查询药品类别信息', '2019-05-05 19:36:14', '查询操作', 1),
	(4850, '查询药品类别信息', '2019-05-05 19:36:14', '查询操作', 1),
	(4851, '查询药品类别信息', '2019-05-05 19:36:14', '查询操作', 1),
	(4852, '查询药品类别信息', '2019-05-05 19:36:14', '查询操作', 1),
	(4853, '查询药品类别信息', '2019-05-05 19:36:14', '查询操作', 1),
	(4854, '查询药品类别信息', '2019-05-05 19:36:14', '查询操作', 1),
	(4855, '查询药品类别信息', '2019-05-05 19:36:14', '查询操作', 1),
	(4856, '查询药品类别信息', '2019-05-05 19:36:14', '查询操作', 1),
	(4857, '查询药品类别信息', '2019-05-05 19:36:14', '查询操作', 1),
	(4858, '查询药品类别信息', '2019-05-05 19:36:14', '查询操作', 1),
	(4859, '查询药品类别信息', '2019-05-05 19:36:14', '查询操作', 1),
	(4860, '查询药品类别信息', '2019-05-05 19:36:14', '查询操作', 1),
	(4861, '查询药品类别信息', '2019-05-05 19:36:15', '查询操作', 1),
	(4862, '查询药品类别信息', '2019-05-05 19:36:15', '查询操作', 1),
	(4863, '查询药品类别信息', '2019-05-05 19:36:15', '查询操作', 1),
	(4864, '查询药品类别信息', '2019-05-05 19:36:15', '查询操作', 1),
	(4865, '查询药品类别信息', '2019-05-05 19:36:15', '查询操作', 1),
	(4866, '查询药品类别信息', '2019-05-05 19:36:15', '查询操作', 1),
	(4867, '查询药品类别信息', '2019-05-05 19:36:15', '查询操作', 1),
	(4868, '查询药品类别信息', '2019-05-05 19:36:15', '查询操作', 1),
	(4869, '查询药品类别信息', '2019-05-05 19:36:15', '查询操作', 1),
	(4870, '查询药品类别信息', '2019-05-05 19:36:15', '查询操作', 1),
	(4871, '查询药品类别信息', '2019-05-05 19:36:15', '查询操作', 1),
	(4872, '查询药品类别信息', '2019-05-05 19:36:15', '查询操作', 1),
	(4873, '查询药品类别信息', '2019-05-05 19:36:15', '查询操作', 1),
	(4874, '查询药品类别信息', '2019-05-05 19:36:15', '查询操作', 1),
	(4875, '查询药品类别信息', '2019-05-05 19:36:15', '查询操作', 1),
	(4876, '查询药品类别信息', '2019-05-05 19:36:15', '查询操作', 1),
	(4877, '查询药品类别信息', '2019-05-05 19:36:15', '查询操作', 1),
	(4878, '查询药品类别信息', '2019-05-05 19:36:15', '查询操作', 1),
	(4879, '查询药品类别信息', '2019-05-05 19:36:15', '查询操作', 1),
	(4880, '查询药品类别信息', '2019-05-05 19:36:15', '查询操作', 1),
	(4881, '查询药品类别信息', '2019-05-05 19:36:15', '查询操作', 1),
	(4882, '查询药品类别信息', '2019-05-05 19:36:15', '查询操作', 1),
	(4883, '查询药品类别信息', '2019-05-05 19:36:15', '查询操作', 1),
	(4884, '查询药品类别信息', '2019-05-05 19:36:15', '查询操作', 1),
	(4885, '查询药品类别信息', '2019-05-05 19:36:15', '查询操作', 1),
	(4886, '查询药品类别信息', '2019-05-05 19:36:15', '查询操作', 1),
	(4887, '查询药品类别信息', '2019-05-05 19:36:16', '查询操作', 1),
	(4888, '查询药品类别信息', '2019-05-05 19:36:16', '查询操作', 1),
	(4889, '查询药品类别信息', '2019-05-05 19:36:16', '查询操作', 1),
	(4890, '查询药品类别信息', '2019-05-05 19:36:16', '查询操作', 1),
	(4891, '查询药品类别信息', '2019-05-05 19:36:16', '查询操作', 1),
	(4892, '查询药品类别信息', '2019-05-05 19:36:16', '查询操作', 1),
	(4893, '查询药品类别信息', '2019-05-05 19:36:16', '查询操作', 1),
	(4894, '查询药品类别信息', '2019-05-05 19:36:16', '查询操作', 1),
	(4895, '查询药品类别信息', '2019-05-05 19:36:16', '查询操作', 1),
	(4896, '查询药品类别信息', '2019-05-05 19:36:16', '查询操作', 1),
	(4897, '查询药品类别信息', '2019-05-05 19:36:16', '查询操作', 1),
	(4898, '查询药品类别信息', '2019-05-05 19:36:16', '查询操作', 1),
	(4899, '查询药品类别信息', '2019-05-05 19:36:16', '查询操作', 1),
	(4900, '查询药品类别信息', '2019-05-05 19:36:16', '查询操作', 1),
	(4901, '查询药品类别信息', '2019-05-05 19:36:16', '查询操作', 1),
	(4902, '查询药品类别信息', '2019-05-05 19:36:16', '查询操作', 1),
	(4903, '查询药品类别信息', '2019-05-05 19:36:17', '查询操作', 1),
	(4904, '查询药品类别信息', '2019-05-05 19:36:17', '查询操作', 1),
	(4905, '查询药品类别信息', '2019-05-05 19:36:17', '查询操作', 1),
	(4906, '查询药品类别信息', '2019-05-05 19:36:17', '查询操作', 1),
	(4907, '查询药品类别信息', '2019-05-05 19:36:17', '查询操作', 1),
	(4908, '查询药品类别信息', '2019-05-05 19:36:17', '查询操作', 1),
	(4909, '查询药品类别信息', '2019-05-05 19:36:17', '查询操作', 1),
	(4910, '查询药品类别信息', '2019-05-05 19:36:17', '查询操作', 1),
	(4911, '查询药品类别信息', '2019-05-05 19:36:17', '查询操作', 1),
	(4912, '查询药品类别信息', '2019-05-05 19:36:17', '查询操作', 1),
	(4913, '查询药品类别信息', '2019-05-05 19:36:17', '查询操作', 1),
	(4914, '查询药品类别信息', '2019-05-05 19:36:17', '查询操作', 1),
	(4915, '查询药品类别信息', '2019-05-05 19:36:17', '查询操作', 1),
	(4916, '查询药品类别信息', '2019-05-05 19:36:17', '查询操作', 1),
	(4917, '查询药品类别信息', '2019-05-05 19:36:18', '查询操作', 1),
	(4918, '查询药品类别信息', '2019-05-05 19:36:18', '查询操作', 1),
	(4919, '查询药品类别信息', '2019-05-05 19:36:18', '查询操作', 1),
	(4920, '查询药品类别信息', '2019-05-05 19:36:18', '查询操作', 1),
	(4921, '查询药品类别信息', '2019-05-05 19:36:18', '查询操作', 1),
	(4922, '查询药品类别信息', '2019-05-05 19:36:18', '查询操作', 1),
	(4923, '查询药品类别信息', '2019-05-05 19:36:18', '查询操作', 1),
	(4924, '查询药品类别信息', '2019-05-05 19:36:18', '查询操作', 1),
	(4925, '查询药品类别信息', '2019-05-05 19:36:18', '查询操作', 1),
	(4926, '查询药品类别信息', '2019-05-05 19:36:18', '查询操作', 1),
	(4927, '查询药品类别信息', '2019-05-05 19:36:18', '查询操作', 1),
	(4928, '查询药品类别信息', '2019-05-05 19:36:18', '查询操作', 1),
	(4929, '查询药品类别信息', '2019-05-05 19:36:19', '查询操作', 1),
	(4930, '查询药品类别信息', '2019-05-05 19:36:19', '查询操作', 1),
	(4931, '查询药品类别信息', '2019-05-05 19:36:19', '查询操作', 1),
	(4932, '查询药品类别信息', '2019-05-05 19:36:19', '查询操作', 1),
	(4933, '查询药品类别信息', '2019-05-05 19:36:19', '查询操作', 1),
	(4934, '查询药品类别信息', '2019-05-05 19:36:19', '查询操作', 1),
	(4935, '查询药品类别信息', '2019-05-05 19:36:19', '查询操作', 1),
	(4936, '查询药品类别信息', '2019-05-05 19:36:19', '查询操作', 1),
	(4937, '查询药品类别信息', '2019-05-05 19:36:19', '查询操作', 1),
	(4938, '查询药品类别信息', '2019-05-05 19:36:19', '查询操作', 1),
	(4939, '查询药品类别信息', '2019-05-05 19:36:20', '查询操作', 1),
	(4940, '查询药品类别信息', '2019-05-05 19:36:20', '查询操作', 1),
	(4941, '查询药品类别信息', '2019-05-05 19:36:20', '查询操作', 1),
	(4942, '查询药品类别信息', '2019-05-05 19:36:20', '查询操作', 1),
	(4943, '查询药品类别信息', '2019-05-05 19:36:20', '查询操作', 1),
	(4944, '查询药品类别信息', '2019-05-05 19:36:20', '查询操作', 1),
	(4945, '查询药品类别信息', '2019-05-05 19:36:20', '查询操作', 1),
	(4946, '查询药品类别信息', '2019-05-05 19:36:20', '查询操作', 1),
	(4947, '查询药品类别信息', '2019-05-05 19:36:20', '查询操作', 1),
	(4948, '查询药品类别信息', '2019-05-05 19:36:20', '查询操作', 1),
	(4949, '查询药品类别信息', '2019-05-05 19:36:21', '查询操作', 1),
	(4950, '查询药品类别信息', '2019-05-05 19:36:21', '查询操作', 1),
	(4951, '查询药品类别信息', '2019-05-05 19:36:21', '查询操作', 1),
	(4952, '查询药品类别信息', '2019-05-05 19:36:21', '查询操作', 1),
	(4953, '查询药品类别信息', '2019-05-05 19:36:21', '查询操作', 1),
	(4954, '查询药品类别信息', '2019-05-05 19:36:21', '查询操作', 1),
	(4955, '查询药品类别信息', '2019-05-05 19:36:21', '查询操作', 1),
	(4956, '查询药品类别信息', '2019-05-05 19:36:21', '查询操作', 1),
	(4957, '查询药品类别信息', '2019-05-05 19:36:22', '查询操作', 1),
	(4958, '查询药品类别信息', '2019-05-05 19:36:22', '查询操作', 1),
	(4959, '查询药品类别信息', '2019-05-05 19:36:22', '查询操作', 1),
	(4960, '查询药品类别信息', '2019-05-05 19:36:22', '查询操作', 1),
	(4961, '查询药品类别信息', '2019-05-05 19:36:22', '查询操作', 1),
	(4962, '查询药品类别信息', '2019-05-05 19:36:22', '查询操作', 1),
	(4963, '查询药品类别信息', '2019-05-05 19:36:22', '查询操作', 1),
	(4964, '查询药品类别信息', '2019-05-05 19:36:22', '查询操作', 1),
	(4965, '查询药品类别信息', '2019-05-05 19:36:22', '查询操作', 1),
	(4966, '查询药品类别信息', '2019-05-05 19:36:22', '查询操作', 1),
	(4967, '查询药品类别信息', '2019-05-05 19:36:23', '查询操作', 1),
	(4968, '查询药品类别信息', '2019-05-05 19:36:23', '查询操作', 1),
	(4969, '查询药品类别信息', '2019-05-05 19:36:23', '查询操作', 1),
	(4970, '查询药品类别信息', '2019-05-05 19:36:23', '查询操作', 1),
	(4971, '查询药品类别信息', '2019-05-05 19:36:23', '查询操作', 1),
	(4972, '查询药品类别信息', '2019-05-05 19:36:23', '查询操作', 1),
	(4973, '查询药品类别信息', '2019-05-05 19:36:23', '查询操作', 1),
	(4974, '查询药品类别信息', '2019-05-05 19:36:23', '查询操作', 1),
	(4975, '查询药品类别信息', '2019-05-05 19:36:24', '查询操作', 1),
	(4976, '查询药品类别信息', '2019-05-05 19:36:24', '查询操作', 1),
	(4977, '查询药品类别信息', '2019-05-05 19:36:24', '查询操作', 1),
	(4978, '查询药品类别信息', '2019-05-05 19:36:24', '查询操作', 1),
	(4979, '查询药品类别信息', '2019-05-05 19:36:24', '查询操作', 1),
	(4980, '查询药品类别信息', '2019-05-05 19:36:24', '查询操作', 1),
	(4981, '查询药品类别信息', '2019-05-05 19:36:24', '查询操作', 1),
	(4982, '查询药品类别信息', '2019-05-05 19:36:24', '查询操作', 1),
	(4983, '查询药品类别信息', '2019-05-05 19:36:25', '查询操作', 1),
	(4984, '查询药品类别信息', '2019-05-05 19:36:25', '查询操作', 1),
	(4985, '查询药品类别信息', '2019-05-05 19:36:25', '查询操作', 1),
	(4986, '查询药品类别信息', '2019-05-05 19:36:25', '查询操作', 1),
	(4987, '查询药品类别信息', '2019-05-05 19:36:25', '查询操作', 1),
	(4988, '查询药品类别信息', '2019-05-05 19:36:25', '查询操作', 1),
	(4989, '查询药品类别信息', '2019-05-05 19:36:26', '查询操作', 1),
	(4990, '查询药品类别信息', '2019-05-05 19:36:26', '查询操作', 1),
	(4991, '查询药品类别信息', '2019-05-05 19:36:26', '查询操作', 1),
	(4992, '查询药品类别信息', '2019-05-05 19:36:26', '查询操作', 1),
	(4993, '查询药品类别信息', '2019-05-05 19:36:26', '查询操作', 1),
	(4994, '查询药品类别信息', '2019-05-05 19:36:26', '查询操作', 1),
	(4995, '查询药品类别信息', '2019-05-05 19:36:26', '查询操作', 1),
	(4996, '查询药品类别信息', '2019-05-05 19:36:26', '查询操作', 1),
	(4997, '查询药品类别信息', '2019-05-05 19:36:27', '查询操作', 1),
	(4998, '查询药品类别信息', '2019-05-05 19:36:27', '查询操作', 1),
	(4999, '查询药品类别信息', '2019-05-05 19:36:27', '查询操作', 1),
	(5000, '查询药品类别信息', '2019-05-05 19:36:27', '查询操作', 1),
	(5001, '查询药品类别信息', '2019-05-05 19:36:27', '查询操作', 1),
	(5002, '查询药品类别信息', '2019-05-05 19:36:27', '查询操作', 1),
	(5003, '查询药品类别信息', '2019-05-05 19:36:28', '查询操作', 1),
	(5004, '查询药品类别信息', '2019-05-05 19:36:28', '查询操作', 1),
	(5005, '查询药品类别信息', '2019-05-05 19:36:28', '查询操作', 1),
	(5006, '查询药品类别信息', '2019-05-05 19:36:28', '查询操作', 1),
	(5007, '查询药品类别信息', '2019-05-05 19:36:28', '查询操作', 1),
	(5008, '查询药品类别信息', '2019-05-05 19:36:28', '查询操作', 1),
	(5009, '查询药品类别信息', '2019-05-05 19:36:29', '查询操作', 1),
	(5010, '查询药品类别信息', '2019-05-05 19:36:29', '查询操作', 1),
	(5011, '查询药品类别信息', '2019-05-05 19:36:29', '查询操作', 1),
	(5012, '查询药品类别信息', '2019-05-05 19:36:29', '查询操作', 1),
	(5013, '查询药品类别信息', '2019-05-05 19:36:29', '查询操作', 1),
	(5014, '查询药品类别信息', '2019-05-05 19:36:29', '查询操作', 1),
	(5015, '查询药品类别信息', '2019-05-05 19:36:29', '查询操作', 1),
	(5016, '查询药品类别信息', '2019-05-05 19:36:29', '查询操作', 1),
	(5017, '查询药品类别信息', '2019-05-05 19:36:30', '查询操作', 1),
	(5018, '查询药品类别信息', '2019-05-05 19:36:30', '查询操作', 1),
	(5019, '查询药品类别信息', '2019-05-05 19:36:30', '查询操作', 1),
	(5020, '查询药品类别信息', '2019-05-05 19:36:30', '查询操作', 1),
	(5021, '查询药品类别信息', '2019-05-05 19:36:30', '查询操作', 1),
	(5022, '查询药品类别信息', '2019-05-05 19:36:30', '查询操作', 1),
	(5023, '查询药品类别信息', '2019-05-05 19:36:31', '查询操作', 1),
	(5024, '查询药品类别信息', '2019-05-05 19:36:31', '查询操作', 1),
	(5025, '查询药品类别信息', '2019-05-05 19:36:31', '查询操作', 1),
	(5026, '查询药品类别信息', '2019-05-05 19:36:31', '查询操作', 1),
	(5027, '查询药品类别信息', '2019-05-05 19:36:32', '查询操作', 1),
	(5028, '查询药品类别信息', '2019-05-05 19:36:32', '查询操作', 1),
	(5029, '查询药品类别信息', '2019-05-05 19:36:32', '查询操作', 1),
	(5030, '查询药品类别信息', '2019-05-05 19:36:32', '查询操作', 1),
	(5031, '查询药品类别信息', '2019-05-05 19:36:33', '查询操作', 1),
	(5032, '查询药品类别信息', '2019-05-05 19:36:33', '查询操作', 1),
	(5033, '查询药品类别信息', '2019-05-05 19:36:33', '查询操作', 1),
	(5034, '查询药品类别信息', '2019-05-05 19:36:33', '查询操作', 1),
	(5035, '查询药品类别信息', '2019-05-05 19:36:33', '查询操作', 1),
	(5036, '查询药品类别信息', '2019-05-05 19:36:33', '查询操作', 1),
	(5037, '查询药品类别信息', '2019-05-05 19:36:34', '查询操作', 1),
	(5038, '查询药品类别信息', '2019-05-05 19:36:34', '查询操作', 1),
	(5039, '查询药品类别信息', '2019-05-05 19:36:34', '查询操作', 1),
	(5040, '查询药品类别信息', '2019-05-05 19:36:34', '查询操作', 1),
	(5041, '查询药品类别信息', '2019-05-05 19:36:34', '查询操作', 1),
	(5042, '查询药品类别信息', '2019-05-05 19:36:34', '查询操作', 1),
	(5043, '查询药品类别信息', '2019-05-05 19:36:35', '查询操作', 1),
	(5044, '查询药品类别信息', '2019-05-05 19:36:35', '查询操作', 1),
	(5045, '查询药品类别信息', '2019-05-05 19:36:35', '查询操作', 1),
	(5046, '查询药品类别信息', '2019-05-05 19:36:35', '查询操作', 1),
	(5047, '查询药品类别信息', '2019-05-05 19:36:36', '查询操作', 1),
	(5048, '查询药品类别信息', '2019-05-05 19:36:36', '查询操作', 1),
	(5049, '查询药品类别信息', '2019-05-05 19:36:36', '查询操作', 1),
	(5050, '查询药品类别信息', '2019-05-05 19:36:36', '查询操作', 1),
	(5051, '查询药品类别信息', '2019-05-05 19:36:37', '查询操作', 1),
	(5052, '查询药品类别信息', '2019-05-05 19:36:37', '查询操作', 1),
	(5053, '查询药品类别信息', '2019-05-05 19:36:37', '查询操作', 1),
	(5054, '查询药品类别信息', '2019-05-05 19:36:37', '查询操作', 1),
	(5055, '查询药品类别信息', '2019-05-05 19:36:37', '查询操作', 1),
	(5056, '查询药品类别信息', '2019-05-05 19:36:37', '查询操作', 1),
	(5057, '查询药品类别信息', '2019-05-05 19:36:38', '查询操作', 1),
	(5058, '查询药品类别信息', '2019-05-05 19:36:38', '查询操作', 1),
	(5059, '查询药品类别信息', '2019-05-05 19:36:38', '查询操作', 1),
	(5060, '查询药品类别信息', '2019-05-05 19:36:38', '查询操作', 1),
	(5061, '查询药品类别信息', '2019-05-05 19:36:39', '查询操作', 1),
	(5062, '查询药品类别信息', '2019-05-05 19:36:39', '查询操作', 1),
	(5063, '查询药品类别信息', '2019-05-05 19:36:39', '查询操作', 1),
	(5064, '查询药品类别信息', '2019-05-05 19:36:39', '查询操作', 1),
	(5065, '查询药品类别信息', '2019-05-05 19:36:39', '查询操作', 1),
	(5066, '查询药品类别信息', '2019-05-05 19:36:39', '查询操作', 1),
	(5067, '查询药品类别信息', '2019-05-05 19:36:40', '查询操作', 1),
	(5068, '查询药品类别信息', '2019-05-05 19:36:40', '查询操作', 1),
	(5069, '查询药品类别信息', '2019-05-05 19:36:40', '查询操作', 1),
	(5070, '查询药品类别信息', '2019-05-05 19:36:40', '查询操作', 1),
	(5071, '查询药品类别信息', '2019-05-05 19:36:41', '查询操作', 1),
	(5072, '查询药品类别信息', '2019-05-05 19:36:41', '查询操作', 1),
	(5073, '查询药品类别信息', '2019-05-05 19:36:41', '查询操作', 1),
	(5074, '查询药品类别信息', '2019-05-05 19:36:41', '查询操作', 1),
	(5075, '查询药品类别信息', '2019-05-05 19:36:42', '查询操作', 1),
	(5076, '查询药品类别信息', '2019-05-05 19:36:42', '查询操作', 1),
	(5077, '查询药品类别信息', '2019-05-05 19:36:42', '查询操作', 1),
	(5078, '查询药品类别信息', '2019-05-05 19:36:42', '查询操作', 1),
	(5079, '查询药品类别信息', '2019-05-05 19:36:43', '查询操作', 1),
	(5080, '查询药品类别信息', '2019-05-05 19:36:43', '查询操作', 1),
	(5081, '查询药品类别信息', '2019-05-05 19:36:43', '查询操作', 1),
	(5082, '查询药品类别信息', '2019-05-05 19:36:43', '查询操作', 1),
	(5083, '查询药品类别信息', '2019-05-05 19:36:44', '查询操作', 1),
	(5084, '查询药品类别信息', '2019-05-05 19:36:44', '查询操作', 1),
	(5085, '查询药品类别信息', '2019-05-05 19:36:44', '查询操作', 1),
	(5086, '查询药品类别信息', '2019-05-05 19:36:44', '查询操作', 1),
	(5087, '查询药品类别信息', '2019-05-05 19:36:45', '查询操作', 1),
	(5088, '查询药品类别信息', '2019-05-05 19:36:45', '查询操作', 1),
	(5089, '查询药品类别信息', '2019-05-05 19:36:45', '查询操作', 1),
	(5090, '查询药品类别信息', '2019-05-05 19:36:45', '查询操作', 1),
	(5091, '查询药品类别信息', '2019-05-05 19:36:46', '查询操作', 1),
	(5092, '查询药品类别信息', '2019-05-05 19:36:46', '查询操作', 1),
	(5093, '查询药品类别信息', '2019-05-05 19:36:46', '查询操作', 1),
	(5094, '查询药品类别信息', '2019-05-05 19:36:46', '查询操作', 1),
	(5095, '查询药品类别信息', '2019-05-05 19:36:47', '查询操作', 1),
	(5096, '查询药品类别信息', '2019-05-05 19:36:47', '查询操作', 1),
	(5097, '查询药品类别信息', '2019-05-05 19:36:47', '查询操作', 1),
	(5098, '查询药品类别信息', '2019-05-05 19:36:47', '查询操作', 1),
	(5099, '查询药品类别信息', '2019-05-05 19:36:48', '查询操作', 1),
	(5100, '查询药品类别信息', '2019-05-05 19:36:48', '查询操作', 1),
	(5101, '查询药品类别信息', '2019-05-05 19:36:48', '查询操作', 1),
	(5102, '查询药品类别信息', '2019-05-05 19:36:48', '查询操作', 1),
	(5103, '查询药品类别信息', '2019-05-05 19:36:49', '查询操作', 1),
	(5104, '查询药品类别信息', '2019-05-05 19:36:49', '查询操作', 1),
	(5105, '查询药品类别信息', '2019-05-05 19:36:49', '查询操作', 1),
	(5106, '查询药品类别信息', '2019-05-05 19:36:49', '查询操作', 1),
	(5107, '查询药品类别信息', '2019-05-05 19:36:50', '查询操作', 1),
	(5108, '查询药品类别信息', '2019-05-05 19:36:50', '查询操作', 1),
	(5109, '查询药品类别信息', '2019-05-05 19:36:50', '查询操作', 1),
	(5110, '查询药品类别信息', '2019-05-05 19:36:50', '查询操作', 1),
	(5111, '查询药品类别信息', '2019-05-05 19:36:51', '查询操作', 1),
	(5112, '查询药品类别信息', '2019-05-05 19:36:51', '查询操作', 1),
	(5113, '查询药品类别信息', '2019-05-05 19:36:52', '查询操作', 1),
	(5114, '查询药品类别信息', '2019-05-05 19:36:52', '查询操作', 1),
	(5115, '查询药品类别信息', '2019-05-05 19:36:52', '查询操作', 1),
	(5116, '查询药品类别信息', '2019-05-05 19:36:52', '查询操作', 1),
	(5117, '查询药品类别信息', '2019-05-05 19:36:53', '查询操作', 1),
	(5118, '查询药品类别信息', '2019-05-05 19:36:53', '查询操作', 1),
	(5119, '查询药品类别信息', '2019-05-05 19:36:53', '查询操作', 1),
	(5120, '查询药品类别信息', '2019-05-05 19:36:53', '查询操作', 1),
	(5121, '查询药品类别信息', '2019-05-05 19:36:54', '查询操作', 1),
	(5122, '查询药品类别信息', '2019-05-05 19:36:54', '查询操作', 1),
	(5123, '用户登录', '2019-05-05 19:37:30', '登录操作', 1),
	(5124, '查询药品库存信息', '2019-05-05 19:37:30', '查询操作', 1),
	(5125, '查询药品类别信息', '2019-05-05 19:37:33', '查询操作', 1),
	(5126, '查询药品类别信息', '2019-05-05 19:37:33', '查询操作', 1),
	(5127, '查询药品类别信息', '2019-05-05 19:37:33', '查询操作', 1),
	(5128, '查询药品信息', '2019-05-05 19:37:33', '查询操作', 1),
	(5129, '查询药品单位信息', '2019-05-05 19:37:33', '查询操作', 1),
	(5130, '查询药品信息', '2019-05-05 19:37:33', '查询操作', 1),
	(5131, '查询药品单位信息', '2019-05-05 19:37:33', '查询操作', 1),
	(5132, '查询药品类别信息', '2019-05-05 19:37:33', '查询操作', 1),
	(5133, '查询药品类别信息', '2019-05-05 19:37:33', '查询操作', 1),
	(5134, '查询药品类别信息', '2019-05-05 19:37:34', '查询操作', 1),
	(5135, '查询药品类别信息', '2019-05-05 19:37:34', '查询操作', 1),
	(5136, '查询药品类别信息', '2019-05-05 19:37:34', '查询操作', 1),
	(5137, '查询药品类别信息', '2019-05-05 19:37:34', '查询操作', 1),
	(5138, '查询药品类别信息', '2019-05-05 19:37:34', '查询操作', 1),
	(5139, '查询药品类别信息', '2019-05-05 19:37:34', '查询操作', 1),
	(5140, '查询药品类别信息', '2019-05-05 19:37:34', '查询操作', 1),
	(5141, '查询药品类别信息', '2019-05-05 19:37:34', '查询操作', 1),
	(5142, '查询药品类别信息', '2019-05-05 19:37:34', '查询操作', 1),
	(5143, '查询药品类别信息', '2019-05-05 19:37:34', '查询操作', 1),
	(5144, '查询药品类别信息', '2019-05-05 19:37:34', '查询操作', 1),
	(5145, '查询药品类别信息', '2019-05-05 19:37:34', '查询操作', 1),
	(5146, '查询药品类别信息', '2019-05-05 19:37:34', '查询操作', 1),
	(5147, '查询药品类别信息', '2019-05-05 19:37:34', '查询操作', 1),
	(5148, '查询药品类别信息', '2019-05-05 19:37:34', '查询操作', 1),
	(5149, '查询药品类别信息', '2019-05-05 19:37:34', '查询操作', 1),
	(5150, '查询药品类别信息', '2019-05-05 19:37:34', '查询操作', 1),
	(5151, '查询药品类别信息', '2019-05-05 19:37:34', '查询操作', 1),
	(5152, '查询药品类别信息', '2019-05-05 19:37:34', '查询操作', 1),
	(5153, '查询药品类别信息', '2019-05-05 19:37:34', '查询操作', 1),
	(5154, '查询药品类别信息', '2019-05-05 19:37:34', '查询操作', 1),
	(5155, '查询药品类别信息', '2019-05-05 19:37:34', '查询操作', 1),
	(5156, '查询药品类别信息', '2019-05-05 19:37:34', '查询操作', 1),
	(5157, '查询药品类别信息', '2019-05-05 19:37:34', '查询操作', 1),
	(5158, '查询药品类别信息', '2019-05-05 19:37:34', '查询操作', 1),
	(5159, '查询药品类别信息', '2019-05-05 19:37:34', '查询操作', 1),
	(5160, '查询药品类别信息', '2019-05-05 19:37:34', '查询操作', 1),
	(5161, '查询药品类别信息', '2019-05-05 19:37:34', '查询操作', 1),
	(5162, '查询药品类别信息', '2019-05-05 19:37:34', '查询操作', 1),
	(5163, '查询药品类别信息', '2019-05-05 19:37:34', '查询操作', 1),
	(5164, '查询药品类别信息', '2019-05-05 19:37:35', '查询操作', 1),
	(5165, '查询药品类别信息', '2019-05-05 19:37:35', '查询操作', 1),
	(5166, '查询药品类别信息', '2019-05-05 19:37:35', '查询操作', 1),
	(5167, '查询药品类别信息', '2019-05-05 19:37:35', '查询操作', 1),
	(5168, '查询药品类别信息', '2019-05-05 19:37:35', '查询操作', 1),
	(5169, '查询药品类别信息', '2019-05-05 19:37:35', '查询操作', 1),
	(5170, '查询药品类别信息', '2019-05-05 19:37:35', '查询操作', 1),
	(5171, '查询药品类别信息', '2019-05-05 19:37:35', '查询操作', 1),
	(5172, '查询药品类别信息', '2019-05-05 19:37:35', '查询操作', 1),
	(5173, '查询药品类别信息', '2019-05-05 19:37:35', '查询操作', 1),
	(5174, '查询药品类别信息', '2019-05-05 19:37:35', '查询操作', 1),
	(5175, '查询药品类别信息', '2019-05-05 19:37:35', '查询操作', 1),
	(5176, '查询药品类别信息', '2019-05-05 19:37:35', '查询操作', 1),
	(5177, '查询药品类别信息', '2019-05-05 19:37:35', '查询操作', 1),
	(5178, '查询药品类别信息', '2019-05-05 19:37:35', '查询操作', 1),
	(5179, '查询药品类别信息', '2019-05-05 19:37:35', '查询操作', 1),
	(5180, '查询药品类别信息', '2019-05-05 19:37:35', '查询操作', 1),
	(5181, '查询药品类别信息', '2019-05-05 19:37:35', '查询操作', 1),
	(5182, '查询药品类别信息', '2019-05-05 19:37:35', '查询操作', 1),
	(5183, '查询药品类别信息', '2019-05-05 19:37:35', '查询操作', 1),
	(5184, '查询药品类别信息', '2019-05-05 19:37:35', '查询操作', 1),
	(5185, '查询药品类别信息', '2019-05-05 19:37:35', '查询操作', 1),
	(5186, '查询药品类别信息', '2019-05-05 19:37:35', '查询操作', 1),
	(5187, '查询药品类别信息', '2019-05-05 19:37:35', '查询操作', 1),
	(5188, '查询药品类别信息', '2019-05-05 19:37:35', '查询操作', 1),
	(5189, '查询药品类别信息', '2019-05-05 19:37:35', '查询操作', 1),
	(5190, '查询药品类别信息', '2019-05-05 19:37:35', '查询操作', 1),
	(5191, '查询药品类别信息', '2019-05-05 19:37:35', '查询操作', 1),
	(5192, '查询药品类别信息', '2019-05-05 19:37:36', '查询操作', 1),
	(5193, '查询药品类别信息', '2019-05-05 19:37:36', '查询操作', 1),
	(5194, '查询药品类别信息', '2019-05-05 19:37:36', '查询操作', 1),
	(5195, '查询药品类别信息', '2019-05-05 19:37:36', '查询操作', 1),
	(5196, '查询药品类别信息', '2019-05-05 19:37:36', '查询操作', 1),
	(5197, '查询药品类别信息', '2019-05-05 19:37:36', '查询操作', 1),
	(5198, '查询药品类别信息', '2019-05-05 19:37:36', '查询操作', 1),
	(5199, '查询药品类别信息', '2019-05-05 19:37:36', '查询操作', 1),
	(5200, '查询药品类别信息', '2019-05-05 19:37:36', '查询操作', 1),
	(5201, '查询药品类别信息', '2019-05-05 19:37:36', '查询操作', 1),
	(5202, '查询药品类别信息', '2019-05-05 19:37:36', '查询操作', 1),
	(5203, '查询药品类别信息', '2019-05-05 19:37:36', '查询操作', 1),
	(5204, '查询药品类别信息', '2019-05-05 19:37:36', '查询操作', 1),
	(5205, '查询药品类别信息', '2019-05-05 19:37:36', '查询操作', 1),
	(5206, '查询药品类别信息', '2019-05-05 19:37:36', '查询操作', 1),
	(5207, '查询药品类别信息', '2019-05-05 19:37:36', '查询操作', 1),
	(5208, '查询药品类别信息', '2019-05-05 19:37:37', '查询操作', 1),
	(5209, '查询药品类别信息', '2019-05-05 19:37:37', '查询操作', 1),
	(5210, '查询药品类别信息', '2019-05-05 19:37:37', '查询操作', 1),
	(5211, '查询药品类别信息', '2019-05-05 19:37:37', '查询操作', 1),
	(5212, '查询药品类别信息', '2019-05-05 19:37:37', '查询操作', 1),
	(5213, '查询药品类别信息', '2019-05-05 19:37:37', '查询操作', 1),
	(5214, '查询药品类别信息', '2019-05-05 19:37:37', '查询操作', 1),
	(5215, '查询药品类别信息', '2019-05-05 19:37:37', '查询操作', 1),
	(5216, '查询药品类别信息', '2019-05-05 19:37:37', '查询操作', 1),
	(5217, '查询药品类别信息', '2019-05-05 19:37:37', '查询操作', 1),
	(5218, '查询药品类别信息', '2019-05-05 19:37:38', '查询操作', 1),
	(5219, '查询药品类别信息', '2019-05-05 19:37:38', '查询操作', 1),
	(5220, '查询药品类别信息', '2019-05-05 19:37:38', '查询操作', 1),
	(5221, '查询药品类别信息', '2019-05-05 19:37:38', '查询操作', 1),
	(5222, '查询药品类别信息', '2019-05-05 19:37:38', '查询操作', 1),
	(5223, '查询药品类别信息', '2019-05-05 19:37:38', '查询操作', 1),
	(5224, '查询药品类别信息', '2019-05-05 19:37:38', '查询操作', 1),
	(5225, '查询药品类别信息', '2019-05-05 19:37:38', '查询操作', 1),
	(5226, '查询药品类别信息', '2019-05-05 19:37:38', '查询操作', 1),
	(5227, '查询药品类别信息', '2019-05-05 19:37:38', '查询操作', 1),
	(5228, '查询药品类别信息', '2019-05-05 19:37:38', '查询操作', 1),
	(5229, '查询药品类别信息', '2019-05-05 19:37:38', '查询操作', 1),
	(5230, '查询药品类别信息', '2019-05-05 19:37:39', '查询操作', 1),
	(5231, '查询药品类别信息', '2019-05-05 19:37:39', '查询操作', 1),
	(5232, '查询药品类别信息', '2019-05-05 19:37:39', '查询操作', 1),
	(5233, '查询药品类别信息', '2019-05-05 19:37:39', '查询操作', 1),
	(5234, '查询药品类别信息', '2019-05-05 19:37:39', '查询操作', 1),
	(5235, '查询药品类别信息', '2019-05-05 19:37:39', '查询操作', 1),
	(5236, '查询药品类别信息', '2019-05-05 19:37:39', '查询操作', 1),
	(5237, '查询药品类别信息', '2019-05-05 19:37:39', '查询操作', 1),
	(5238, '查询药品类别信息', '2019-05-05 19:37:40', '查询操作', 1),
	(5239, '查询药品类别信息', '2019-05-05 19:37:40', '查询操作', 1),
	(5240, '查询药品类别信息', '2019-05-05 19:37:40', '查询操作', 1),
	(5241, '查询药品类别信息', '2019-05-05 19:37:40', '查询操作', 1),
	(5242, '查询药品类别信息', '2019-05-05 19:37:40', '查询操作', 1),
	(5243, '查询药品类别信息', '2019-05-05 19:37:40', '查询操作', 1),
	(5244, '查询药品类别信息', '2019-05-05 19:37:40', '查询操作', 1),
	(5245, '查询药品类别信息', '2019-05-05 19:37:40', '查询操作', 1),
	(5246, '查询药品类别信息', '2019-05-05 19:37:40', '查询操作', 1),
	(5247, '查询药品类别信息', '2019-05-05 19:37:40', '查询操作', 1),
	(5248, '查询药品类别信息', '2019-05-05 19:37:40', '查询操作', 1),
	(5249, '查询药品类别信息', '2019-05-05 19:37:40', '查询操作', 1),
	(5250, '查询药品类别信息', '2019-05-05 19:37:41', '查询操作', 1),
	(5251, '查询药品类别信息', '2019-05-05 19:37:41', '查询操作', 1),
	(5252, '查询药品类别信息', '2019-05-05 19:37:41', '查询操作', 1),
	(5253, '查询药品类别信息', '2019-05-05 19:37:41', '查询操作', 1),
	(5254, '查询药品类别信息', '2019-05-05 19:37:41', '查询操作', 1),
	(5255, '查询药品类别信息', '2019-05-05 19:37:41', '查询操作', 1),
	(5256, '查询药品类别信息', '2019-05-05 19:37:42', '查询操作', 1),
	(5257, '查询药品类别信息', '2019-05-05 19:37:42', '查询操作', 1),
	(5258, '查询药品类别信息', '2019-05-05 19:37:42', '查询操作', 1),
	(5259, '查询药品类别信息', '2019-05-05 19:37:42', '查询操作', 1),
	(5260, '查询药品类别信息', '2019-05-05 19:37:42', '查询操作', 1),
	(5261, '查询药品类别信息', '2019-05-05 19:37:42', '查询操作', 1),
	(5262, '查询药品类别信息', '2019-05-05 19:37:42', '查询操作', 1),
	(5263, '查询药品类别信息', '2019-05-05 19:37:42', '查询操作', 1),
	(5264, '查询药品类别信息', '2019-05-05 19:37:43', '查询操作', 1),
	(5265, '查询药品类别信息', '2019-05-05 19:37:43', '查询操作', 1),
	(5266, '查询药品类别信息', '2019-05-05 19:37:43', '查询操作', 1),
	(5267, '查询药品类别信息', '2019-05-05 19:37:43', '查询操作', 1),
	(5268, '查询药品类别信息', '2019-05-05 19:37:43', '查询操作', 1),
	(5269, '查询药品类别信息', '2019-05-05 19:37:43', '查询操作', 1),
	(5270, '查询药品类别信息', '2019-05-05 19:37:44', '查询操作', 1),
	(5271, '查询药品类别信息', '2019-05-05 19:37:44', '查询操作', 1),
	(5272, '查询药品类别信息', '2019-05-05 19:37:44', '查询操作', 1),
	(5273, '查询药品类别信息', '2019-05-05 19:37:44', '查询操作', 1),
	(5274, '查询药品类别信息', '2019-05-05 19:37:44', '查询操作', 1),
	(5275, '查询药品类别信息', '2019-05-05 19:37:44', '查询操作', 1),
	(5276, '查询药品类别信息', '2019-05-05 19:37:45', '查询操作', 1),
	(5277, '查询药品类别信息', '2019-05-05 19:37:45', '查询操作', 1),
	(5278, '查询药品类别信息', '2019-05-05 19:37:45', '查询操作', 1),
	(5279, '查询药品类别信息', '2019-05-05 19:37:45', '查询操作', 1),
	(5280, '查询药品类别信息', '2019-05-05 19:37:45', '查询操作', 1),
	(5281, '查询药品类别信息', '2019-05-05 19:37:45', '查询操作', 1),
	(5282, '查询药品类别信息', '2019-05-05 19:37:45', '查询操作', 1),
	(5283, '查询药品类别信息', '2019-05-05 19:37:45', '查询操作', 1),
	(5284, '查询药品类别信息', '2019-05-05 19:37:46', '查询操作', 1),
	(5285, '查询药品类别信息', '2019-05-05 19:37:46', '查询操作', 1),
	(5286, '查询药品类别信息', '2019-05-05 19:37:46', '查询操作', 1),
	(5287, '查询药品类别信息', '2019-05-05 19:37:46', '查询操作', 1),
	(5288, '查询药品类别信息', '2019-05-05 19:37:46', '查询操作', 1),
	(5289, '查询药品类别信息', '2019-05-05 19:37:46', '查询操作', 1),
	(5290, '查询药品类别信息', '2019-05-05 19:37:46', '查询操作', 1),
	(5291, '查询药品类别信息', '2019-05-05 19:37:46', '查询操作', 1),
	(5292, '查询药品类别信息', '2019-05-05 19:37:46', '查询操作', 1),
	(5293, '查询药品类别信息', '2019-05-05 19:37:46', '查询操作', 1),
	(5294, '查询药品类别信息', '2019-05-05 19:37:47', '查询操作', 1),
	(5295, '查询药品类别信息', '2019-05-05 19:37:47', '查询操作', 1),
	(5296, '查询药品类别信息', '2019-05-05 19:37:47', '查询操作', 1),
	(5297, '查询药品类别信息', '2019-05-05 19:37:47', '查询操作', 1),
	(5298, '查询药品类别信息', '2019-05-05 19:37:47', '查询操作', 1),
	(5299, '查询药品类别信息', '2019-05-05 19:37:47', '查询操作', 1),
	(5300, '查询药品类别信息', '2019-05-05 19:37:48', '查询操作', 1),
	(5301, '查询药品类别信息', '2019-05-05 19:37:48', '查询操作', 1),
	(5302, '查询药品类别信息', '2019-05-05 19:37:48', '查询操作', 1),
	(5303, '查询药品类别信息', '2019-05-05 19:37:48', '查询操作', 1),
	(5304, '查询药品类别信息', '2019-05-05 19:37:48', '查询操作', 1),
	(5305, '查询药品类别信息', '2019-05-05 19:37:48', '查询操作', 1),
	(5306, '查询药品类别信息', '2019-05-05 19:37:48', '查询操作', 1),
	(5307, '查询药品类别信息', '2019-05-05 19:37:48', '查询操作', 1),
	(5308, '查询药品类别信息', '2019-05-05 19:37:49', '查询操作', 1),
	(5309, '查询药品类别信息', '2019-05-05 19:37:49', '查询操作', 1),
	(5310, '查询药品类别信息', '2019-05-05 19:37:49', '查询操作', 1),
	(5311, '查询药品类别信息', '2019-05-05 19:37:49', '查询操作', 1),
	(5312, '查询药品类别信息', '2019-05-05 19:37:49', '查询操作', 1),
	(5313, '查询药品类别信息', '2019-05-05 19:37:49', '查询操作', 1),
	(5314, '查询药品类别信息', '2019-05-05 19:37:50', '查询操作', 1),
	(5315, '查询药品类别信息', '2019-05-05 19:37:50', '查询操作', 1),
	(5316, '查询药品类别信息', '2019-05-05 19:37:51', '查询操作', 1),
	(5317, '查询药品类别信息', '2019-05-05 19:37:51', '查询操作', 1),
	(5318, '查询药品类别信息', '2019-05-05 19:37:52', '查询操作', 1),
	(5319, '查询药品类别信息', '2019-05-05 19:37:52', '查询操作', 1),
	(5320, '查询药品类别信息', '2019-05-05 19:37:52', '查询操作', 1),
	(5321, '查询药品类别信息', '2019-05-05 19:37:52', '查询操作', 1),
	(5322, '查询药品类别信息', '2019-05-05 19:37:52', '查询操作', 1),
	(5323, '查询药品类别信息', '2019-05-05 19:37:52', '查询操作', 1),
	(5324, '查询药品类别信息', '2019-05-05 19:37:53', '查询操作', 1),
	(5325, '查询药品类别信息', '2019-05-05 19:37:53', '查询操作', 1),
	(5326, '查询药品类别信息', '2019-05-05 19:37:53', '查询操作', 1),
	(5327, '查询药品类别信息', '2019-05-05 19:37:53', '查询操作', 1),
	(5328, '查询药品类别信息', '2019-05-05 19:37:53', '查询操作', 1),
	(5329, '查询药品类别信息', '2019-05-05 19:37:53', '查询操作', 1),
	(5330, '查询药品类别信息', '2019-05-05 19:37:54', '查询操作', 1),
	(5331, '查询药品类别信息', '2019-05-05 19:37:54', '查询操作', 1),
	(5332, '查询药品信息', '2019-05-05 19:37:54', '查询操作', 1),
	(5333, '查询药品类别信息', '2019-05-05 19:37:54', '查询操作', 1),
	(5334, '查询药品类别信息', '2019-05-05 19:37:54', '查询操作', 1),
	(5335, '查询药品类别信息', '2019-05-05 19:37:54', '查询操作', 1),
	(5336, '查询药品类别信息', '2019-05-05 19:37:54', '查询操作', 1),
	(5337, '用户登录', '2019-05-05 19:39:46', '登录操作', 1),
	(5338, '查询药品库存信息', '2019-05-05 19:39:47', '查询操作', 1),
	(5339, '查询药品类别信息', '2019-05-05 19:39:50', '查询操作', 1),
	(5340, '查询药品类别信息', '2019-05-05 19:39:50', '查询操作', 1),
	(5341, '查询药品类别信息', '2019-05-05 19:39:50', '查询操作', 1),
	(5342, '查询药品信息', '2019-05-05 19:39:50', '查询操作', 1),
	(5343, '查询药品单位信息', '2019-05-05 19:39:50', '查询操作', 1),
	(5344, '查询药品信息', '2019-05-05 19:39:50', '查询操作', 1),
	(5345, '查询药品单位信息', '2019-05-05 19:39:50', '查询操作', 1),
	(5346, '查询药品类别信息', '2019-05-05 19:39:50', '查询操作', 1),
	(5347, '查询药品类别信息', '2019-05-05 19:39:50', '查询操作', 1),
	(5348, '查询药品类别信息', '2019-05-05 19:39:50', '查询操作', 1),
	(5349, '查询药品类别信息', '2019-05-05 19:39:50', '查询操作', 1),
	(5350, '查询药品类别信息', '2019-05-05 19:39:50', '查询操作', 1),
	(5351, '查询药品类别信息', '2019-05-05 19:39:50', '查询操作', 1),
	(5352, '查询药品类别信息', '2019-05-05 19:39:50', '查询操作', 1),
	(5353, '查询药品类别信息', '2019-05-05 19:39:50', '查询操作', 1),
	(5354, '查询药品类别信息', '2019-05-05 19:39:50', '查询操作', 1),
	(5355, '查询药品类别信息', '2019-05-05 19:39:50', '查询操作', 1),
	(5356, '查询药品类别信息', '2019-05-05 19:39:51', '查询操作', 1),
	(5357, '查询药品类别信息', '2019-05-05 19:39:51', '查询操作', 1),
	(5358, '查询药品类别信息', '2019-05-05 19:39:51', '查询操作', 1),
	(5359, '查询药品类别信息', '2019-05-05 19:39:51', '查询操作', 1),
	(5360, '查询药品类别信息', '2019-05-05 19:39:51', '查询操作', 1),
	(5361, '查询药品类别信息', '2019-05-05 19:39:51', '查询操作', 1),
	(5362, '查询药品类别信息', '2019-05-05 19:39:51', '查询操作', 1),
	(5363, '查询药品类别信息', '2019-05-05 19:39:51', '查询操作', 1),
	(5364, '查询药品类别信息', '2019-05-05 19:39:51', '查询操作', 1),
	(5365, '查询药品类别信息', '2019-05-05 19:39:51', '查询操作', 1),
	(5366, '查询药品类别信息', '2019-05-05 19:39:51', '查询操作', 1),
	(5367, '查询药品类别信息', '2019-05-05 19:39:51', '查询操作', 1),
	(5368, '查询药品类别信息', '2019-05-05 19:39:51', '查询操作', 1),
	(5369, '查询药品类别信息', '2019-05-05 19:39:51', '查询操作', 1),
	(5370, '查询药品类别信息', '2019-05-05 19:39:51', '查询操作', 1),
	(5371, '查询药品类别信息', '2019-05-05 19:39:51', '查询操作', 1),
	(5372, '查询药品类别信息', '2019-05-05 19:39:51', '查询操作', 1),
	(5373, '查询药品类别信息', '2019-05-05 19:39:51', '查询操作', 1),
	(5374, '查询药品类别信息', '2019-05-05 19:39:51', '查询操作', 1),
	(5375, '查询药品类别信息', '2019-05-05 19:39:51', '查询操作', 1),
	(5376, '查询药品类别信息', '2019-05-05 19:39:51', '查询操作', 1),
	(5377, '查询药品类别信息', '2019-05-05 19:39:51', '查询操作', 1),
	(5378, '查询药品类别信息', '2019-05-05 19:39:51', '查询操作', 1),
	(5379, '查询药品类别信息', '2019-05-05 19:39:51', '查询操作', 1),
	(5380, '查询药品类别信息', '2019-05-05 19:39:51', '查询操作', 1),
	(5381, '查询药品类别信息', '2019-05-05 19:39:51', '查询操作', 1),
	(5382, '查询药品类别信息', '2019-05-05 19:39:51', '查询操作', 1),
	(5383, '查询药品类别信息', '2019-05-05 19:39:51', '查询操作', 1),
	(5384, '查询药品类别信息', '2019-05-05 19:39:51', '查询操作', 1),
	(5385, '查询药品类别信息', '2019-05-05 19:39:51', '查询操作', 1),
	(5386, '查询药品类别信息', '2019-05-05 19:39:51', '查询操作', 1),
	(5387, '查询药品类别信息', '2019-05-05 19:39:51', '查询操作', 1),
	(5388, '查询药品类别信息', '2019-05-05 19:39:51', '查询操作', 1),
	(5389, '查询药品类别信息', '2019-05-05 19:39:51', '查询操作', 1),
	(5390, '查询药品类别信息', '2019-05-05 19:39:52', '查询操作', 1),
	(5391, '查询药品类别信息', '2019-05-05 19:39:52', '查询操作', 1),
	(5392, '查询药品类别信息', '2019-05-05 19:39:52', '查询操作', 1),
	(5393, '查询药品类别信息', '2019-05-05 19:39:52', '查询操作', 1),
	(5394, '查询药品类别信息', '2019-05-05 19:39:52', '查询操作', 1),
	(5395, '查询药品类别信息', '2019-05-05 19:39:52', '查询操作', 1),
	(5396, '查询药品类别信息', '2019-05-05 19:39:52', '查询操作', 1),
	(5397, '查询药品类别信息', '2019-05-05 19:39:52', '查询操作', 1),
	(5398, '查询药品类别信息', '2019-05-05 19:39:52', '查询操作', 1),
	(5399, '查询药品类别信息', '2019-05-05 19:39:52', '查询操作', 1),
	(5400, '查询药品类别信息', '2019-05-05 19:39:52', '查询操作', 1),
	(5401, '查询药品类别信息', '2019-05-05 19:39:52', '查询操作', 1),
	(5402, '查询药品类别信息', '2019-05-05 19:39:52', '查询操作', 1),
	(5403, '查询药品类别信息', '2019-05-05 19:39:52', '查询操作', 1),
	(5404, '查询药品类别信息', '2019-05-05 19:39:52', '查询操作', 1),
	(5405, '查询药品类别信息', '2019-05-05 19:39:52', '查询操作', 1),
	(5406, '查询药品类别信息', '2019-05-05 19:39:52', '查询操作', 1),
	(5407, '查询药品类别信息', '2019-05-05 19:39:52', '查询操作', 1),
	(5408, '查询药品类别信息', '2019-05-05 19:39:52', '查询操作', 1),
	(5409, '查询药品类别信息', '2019-05-05 19:39:52', '查询操作', 1),
	(5410, '查询药品类别信息', '2019-05-05 19:39:52', '查询操作', 1),
	(5411, '查询药品类别信息', '2019-05-05 19:39:52', '查询操作', 1),
	(5412, '查询药品类别信息', '2019-05-05 19:39:52', '查询操作', 1),
	(5413, '查询药品类别信息', '2019-05-05 19:39:52', '查询操作', 1),
	(5414, '查询药品类别信息', '2019-05-05 19:39:53', '查询操作', 1),
	(5415, '查询药品类别信息', '2019-05-05 19:39:53', '查询操作', 1),
	(5416, '查询药品类别信息', '2019-05-05 19:39:53', '查询操作', 1),
	(5417, '查询药品类别信息', '2019-05-05 19:39:53', '查询操作', 1),
	(5418, '查询药品类别信息', '2019-05-05 19:39:53', '查询操作', 1),
	(5419, '查询药品类别信息', '2019-05-05 19:39:53', '查询操作', 1),
	(5420, '查询药品类别信息', '2019-05-05 19:39:53', '查询操作', 1),
	(5421, '查询药品类别信息', '2019-05-05 19:39:53', '查询操作', 1),
	(5422, '查询药品类别信息', '2019-05-05 19:39:53', '查询操作', 1),
	(5423, '查询药品类别信息', '2019-05-05 19:39:53', '查询操作', 1),
	(5424, '查询药品类别信息', '2019-05-05 19:39:53', '查询操作', 1),
	(5425, '查询药品类别信息', '2019-05-05 19:39:53', '查询操作', 1),
	(5426, '查询药品类别信息', '2019-05-05 19:39:53', '查询操作', 1),
	(5427, '查询药品类别信息', '2019-05-05 19:39:53', '查询操作', 1),
	(5428, '查询药品类别信息', '2019-05-05 19:39:53', '查询操作', 1),
	(5429, '查询药品类别信息', '2019-05-05 19:39:53', '查询操作', 1),
	(5430, '查询药品类别信息', '2019-05-05 19:39:54', '查询操作', 1),
	(5431, '查询药品类别信息', '2019-05-05 19:39:54', '查询操作', 1),
	(5432, '查询药品类别信息', '2019-05-05 19:39:54', '查询操作', 1),
	(5433, '查询药品类别信息', '2019-05-05 19:39:54', '查询操作', 1),
	(5434, '查询药品类别信息', '2019-05-05 19:39:54', '查询操作', 1),
	(5435, '查询药品类别信息', '2019-05-05 19:39:54', '查询操作', 1),
	(5436, '查询药品类别信息', '2019-05-05 19:39:54', '查询操作', 1),
	(5437, '查询药品类别信息', '2019-05-05 19:39:54', '查询操作', 1),
	(5438, '查询药品类别信息', '2019-05-05 19:39:54', '查询操作', 1),
	(5439, '查询药品类别信息', '2019-05-05 19:39:54', '查询操作', 1),
	(5440, '查询药品类别信息', '2019-05-05 19:39:54', '查询操作', 1),
	(5441, '查询药品类别信息', '2019-05-05 19:39:54', '查询操作', 1),
	(5442, '查询药品类别信息', '2019-05-05 19:39:54', '查询操作', 1),
	(5443, '查询药品类别信息', '2019-05-05 19:39:54', '查询操作', 1),
	(5444, '查询药品类别信息', '2019-05-05 19:39:55', '查询操作', 1),
	(5445, '查询药品类别信息', '2019-05-05 19:39:55', '查询操作', 1),
	(5446, '查询药品类别信息', '2019-05-05 19:39:55', '查询操作', 1),
	(5447, '查询药品类别信息', '2019-05-05 19:39:55', '查询操作', 1),
	(5448, '查询药品类别信息', '2019-05-05 19:39:55', '查询操作', 1),
	(5449, '查询药品类别信息', '2019-05-05 19:39:55', '查询操作', 1),
	(5450, '查询药品类别信息', '2019-05-05 19:39:55', '查询操作', 1),
	(5451, '查询药品类别信息', '2019-05-05 19:39:55', '查询操作', 1),
	(5452, '查询药品类别信息', '2019-05-05 19:39:55', '查询操作', 1),
	(5453, '查询药品类别信息', '2019-05-05 19:39:55', '查询操作', 1),
	(5454, '查询药品类别信息', '2019-05-05 19:39:55', '查询操作', 1),
	(5455, '查询药品类别信息', '2019-05-05 19:39:55', '查询操作', 1),
	(5456, '查询药品类别信息', '2019-05-05 19:39:56', '查询操作', 1),
	(5457, '查询药品类别信息', '2019-05-05 19:39:56', '查询操作', 1),
	(5458, '查询药品类别信息', '2019-05-05 19:39:56', '查询操作', 1),
	(5459, '查询药品类别信息', '2019-05-05 19:39:56', '查询操作', 1),
	(5460, '查询药品类别信息', '2019-05-05 19:39:56', '查询操作', 1),
	(5461, '查询药品类别信息', '2019-05-05 19:39:56', '查询操作', 1),
	(5462, '查询药品类别信息', '2019-05-05 19:39:56', '查询操作', 1),
	(5463, '查询药品类别信息', '2019-05-05 19:39:56', '查询操作', 1),
	(5464, '查询药品类别信息', '2019-05-05 19:39:56', '查询操作', 1),
	(5465, '查询药品类别信息', '2019-05-05 19:39:56', '查询操作', 1),
	(5466, '查询药品类别信息', '2019-05-05 19:39:57', '查询操作', 1),
	(5467, '查询药品类别信息', '2019-05-05 19:39:57', '查询操作', 1),
	(5468, '查询药品类别信息', '2019-05-05 19:39:57', '查询操作', 1),
	(5469, '查询药品类别信息', '2019-05-05 19:39:57', '查询操作', 1),
	(5470, '查询药品类别信息', '2019-05-05 19:39:57', '查询操作', 1),
	(5471, '查询药品类别信息', '2019-05-05 19:39:57', '查询操作', 1),
	(5472, '查询药品类别信息', '2019-05-05 19:39:57', '查询操作', 1),
	(5473, '查询药品类别信息', '2019-05-05 19:39:57', '查询操作', 1),
	(5474, '查询药品类别信息', '2019-05-05 19:39:57', '查询操作', 1),
	(5475, '查询药品类别信息', '2019-05-05 19:39:57', '查询操作', 1),
	(5476, '查询药品类别信息', '2019-05-05 19:39:58', '查询操作', 1),
	(5477, '查询药品类别信息', '2019-05-05 19:39:58', '查询操作', 1),
	(5478, '查询药品类别信息', '2019-05-05 19:39:58', '查询操作', 1),
	(5479, '查询药品类别信息', '2019-05-05 19:39:58', '查询操作', 1),
	(5480, '查询药品类别信息', '2019-05-05 19:39:58', '查询操作', 1),
	(5481, '查询药品类别信息', '2019-05-05 19:39:58', '查询操作', 1),
	(5482, '查询药品类别信息', '2019-05-05 19:39:59', '查询操作', 1),
	(5483, '查询药品类别信息', '2019-05-05 19:39:59', '查询操作', 1),
	(5484, '查询药品类别信息', '2019-05-05 19:39:59', '查询操作', 1),
	(5485, '查询药品类别信息', '2019-05-05 19:39:59', '查询操作', 1),
	(5486, '查询药品类别信息', '2019-05-05 19:39:59', '查询操作', 1),
	(5487, '查询药品类别信息', '2019-05-05 19:39:59', '查询操作', 1),
	(5488, '查询药品类别信息', '2019-05-05 19:39:59', '查询操作', 1),
	(5489, '查询药品类别信息', '2019-05-05 19:39:59', '查询操作', 1),
	(5490, '查询药品类别信息', '2019-05-05 19:40:00', '查询操作', 1),
	(5491, '查询药品类别信息', '2019-05-05 19:40:00', '查询操作', 1),
	(5492, '查询药品类别信息', '2019-05-05 19:40:00', '查询操作', 1),
	(5493, '查询药品类别信息', '2019-05-05 19:40:00', '查询操作', 1),
	(5494, '查询药品类别信息', '2019-05-05 19:40:00', '查询操作', 1),
	(5495, '查询药品类别信息', '2019-05-05 19:40:00', '查询操作', 1),
	(5496, '查询药品类别信息', '2019-05-05 19:40:01', '查询操作', 1),
	(5497, '查询药品类别信息', '2019-05-05 19:40:01', '查询操作', 1),
	(5498, '查询药品类别信息', '2019-05-05 19:40:01', '查询操作', 1),
	(5499, '查询药品类别信息', '2019-05-05 19:40:01', '查询操作', 1),
	(5500, '查询药品类别信息', '2019-05-05 19:40:01', '查询操作', 1),
	(5501, '查询药品类别信息', '2019-05-05 19:40:01', '查询操作', 1),
	(5502, '查询药品类别信息', '2019-05-05 19:40:02', '查询操作', 1),
	(5503, '查询药品类别信息', '2019-05-05 19:40:02', '查询操作', 1),
	(5504, '查询药品类别信息', '2019-05-05 19:40:02', '查询操作', 1),
	(5505, '查询药品类别信息', '2019-05-05 19:40:02', '查询操作', 1),
	(5506, '查询药品类别信息', '2019-05-05 19:40:02', '查询操作', 1),
	(5507, '查询药品类别信息', '2019-05-05 19:40:02', '查询操作', 1),
	(5508, '查询药品类别信息', '2019-05-05 19:40:03', '查询操作', 1),
	(5509, '查询药品类别信息', '2019-05-05 19:40:03', '查询操作', 1),
	(5510, '查询药品类别信息', '2019-05-05 19:40:03', '查询操作', 1),
	(5511, '查询药品类别信息', '2019-05-05 19:40:03', '查询操作', 1),
	(5512, '查询药品类别信息', '2019-05-05 19:40:03', '查询操作', 1),
	(5513, '查询药品类别信息', '2019-05-05 19:40:03', '查询操作', 1),
	(5514, '查询药品类别信息', '2019-05-05 19:40:04', '查询操作', 1),
	(5515, '查询药品类别信息', '2019-05-05 19:40:04', '查询操作', 1),
	(5516, '查询药品类别信息', '2019-05-05 19:40:04', '查询操作', 1),
	(5517, '查询药品类别信息', '2019-05-05 19:40:04', '查询操作', 1),
	(5518, '查询药品类别信息', '2019-05-05 19:40:04', '查询操作', 1),
	(5519, '查询药品类别信息', '2019-05-05 19:40:04', '查询操作', 1),
	(5520, '查询药品类别信息', '2019-05-05 19:40:05', '查询操作', 1),
	(5521, '查询药品类别信息', '2019-05-05 19:40:05', '查询操作', 1),
	(5522, '查询药品类别信息', '2019-05-05 19:40:05', '查询操作', 1),
	(5523, '查询药品类别信息', '2019-05-05 19:40:05', '查询操作', 1),
	(5524, '查询药品类别信息', '2019-05-05 19:40:06', '查询操作', 1),
	(5525, '查询药品类别信息', '2019-05-05 19:40:06', '查询操作', 1),
	(5526, '查询药品类别信息', '2019-05-05 19:40:06', '查询操作', 1),
	(5527, '查询药品类别信息', '2019-05-05 19:40:06', '查询操作', 1),
	(5528, '查询药品类别信息', '2019-05-05 19:40:06', '查询操作', 1),
	(5529, '查询药品类别信息', '2019-05-05 19:40:06', '查询操作', 1),
	(5530, '查询药品类别信息', '2019-05-05 19:40:07', '查询操作', 1),
	(5531, '查询药品类别信息', '2019-05-05 19:40:07', '查询操作', 1),
	(5532, '查询药品类别信息', '2019-05-05 19:40:07', '查询操作', 1),
	(5533, '查询药品类别信息', '2019-05-05 19:40:07', '查询操作', 1),
	(5534, '查询药品类别信息', '2019-05-05 19:40:07', '查询操作', 1),
	(5535, '查询药品类别信息', '2019-05-05 19:40:07', '查询操作', 1),
	(5536, '查询药品类别信息', '2019-05-05 19:40:08', '查询操作', 1),
	(5537, '查询药品类别信息', '2019-05-05 19:40:08', '查询操作', 1),
	(5538, '查询药品类别信息', '2019-05-05 19:40:08', '查询操作', 1),
	(5539, '查询药品类别信息', '2019-05-05 19:40:08', '查询操作', 1),
	(5540, '查询药品类别信息', '2019-05-05 19:40:08', '查询操作', 1),
	(5541, '查询药品类别信息', '2019-05-05 19:40:08', '查询操作', 1),
	(5542, '查询药品类别信息', '2019-05-05 19:40:08', '查询操作', 1),
	(5543, '查询药品类别信息', '2019-05-05 19:40:08', '查询操作', 1),
	(5544, '查询药品类别信息', '2019-05-05 19:40:09', '查询操作', 1),
	(5545, '查询药品类别信息', '2019-05-05 19:40:09', '查询操作', 1),
	(5546, '查询药品类别信息', '2019-05-05 19:40:09', '查询操作', 1),
	(5547, '查询药品类别信息', '2019-05-05 19:40:09', '查询操作', 1),
	(5548, '查询药品类别信息', '2019-05-05 19:40:10', '查询操作', 1),
	(5549, '查询药品类别信息', '2019-05-05 19:40:10', '查询操作', 1),
	(5550, '查询药品类别信息', '2019-05-05 19:40:10', '查询操作', 1),
	(5551, '查询药品类别信息', '2019-05-05 19:40:10', '查询操作', 1),
	(5552, '查询药品类别信息', '2019-05-05 19:40:11', '查询操作', 1),
	(5553, '查询药品类别信息', '2019-05-05 19:40:11', '查询操作', 1),
	(5554, '查询药品类别信息', '2019-05-05 19:40:11', '查询操作', 1),
	(5555, '查询药品类别信息', '2019-05-05 19:40:11', '查询操作', 1),
	(5556, '查询药品类别信息', '2019-05-05 19:40:11', '查询操作', 1),
	(5557, '查询药品类别信息', '2019-05-05 19:40:11', '查询操作', 1),
	(5558, '查询药品类别信息', '2019-05-05 19:40:12', '查询操作', 1),
	(5559, '查询药品类别信息', '2019-05-05 19:40:12', '查询操作', 1),
	(5560, '查询药品信息（无库存）', '2019-05-05 19:40:12', '查询操作', 1),
	(5561, '查询药品信息（无库存）', '2019-05-05 19:40:12', '查询操作', 1),
	(5562, '查询药品信息（有库存）', '2019-05-05 19:40:12', '查询操作', 1),
	(5563, '查询药品信息（有库存）', '2019-05-05 19:40:12', '查询操作', 1),
	(5564, '查询客户信息', '2019-05-05 19:40:12', '查询操作', 1),
	(5565, '查询客户信息', '2019-05-05 19:40:12', '查询操作', 1),
	(5566, '查询药品信息（无库存）', '2019-05-05 19:40:14', '查询操作', 1),
	(5567, '查询药品信息（有库存）', '2019-05-05 19:40:14', '查询操作', 1),
	(5568, '查询药品信息（无库存）', '2019-05-05 19:40:14', '查询操作', 1),
	(5569, '查询药品信息（有库存）', '2019-05-05 19:40:14', '查询操作', 1),
	(5570, '查询药品类别信息', '2019-05-05 19:40:25', '查询操作', 1),
	(5571, '查询药品类别信息', '2019-05-05 19:40:25', '查询操作', 1),
	(5572, '查询药品类别信息', '2019-05-05 19:40:25', '查询操作', 1),
	(5573, '查询药品信息', '2019-05-05 19:40:25', '查询操作', 1),
	(5574, '查询药品单位信息', '2019-05-05 19:40:25', '查询操作', 1),
	(5575, '查询药品信息', '2019-05-05 19:40:25', '查询操作', 1),
	(5576, '查询药品单位信息', '2019-05-05 19:40:25', '查询操作', 1),
	(5577, '查询药品类别信息', '2019-05-05 19:40:25', '查询操作', 1),
	(5578, '查询药品类别信息', '2019-05-05 19:40:25', '查询操作', 1),
	(5579, '查询药品类别信息', '2019-05-05 19:40:25', '查询操作', 1),
	(5580, '查询药品类别信息', '2019-05-05 19:40:25', '查询操作', 1),
	(5581, '查询药品类别信息', '2019-05-05 19:40:25', '查询操作', 1),
	(5582, '查询药品类别信息', '2019-05-05 19:40:25', '查询操作', 1),
	(5583, '查询药品类别信息', '2019-05-05 19:40:26', '查询操作', 1),
	(5584, '查询药品类别信息', '2019-05-05 19:40:26', '查询操作', 1),
	(5585, '查询药品类别信息', '2019-05-05 19:40:26', '查询操作', 1),
	(5586, '查询药品类别信息', '2019-05-05 19:40:26', '查询操作', 1),
	(5587, '查询药品类别信息', '2019-05-05 19:40:26', '查询操作', 1),
	(5588, '查询药品类别信息', '2019-05-05 19:40:26', '查询操作', 1),
	(5589, '查询药品类别信息', '2019-05-05 19:40:26', '查询操作', 1),
	(5590, '查询药品类别信息', '2019-05-05 19:40:26', '查询操作', 1),
	(5591, '查询药品类别信息', '2019-05-05 19:40:26', '查询操作', 1),
	(5592, '查询药品类别信息', '2019-05-05 19:40:26', '查询操作', 1),
	(5593, '查询药品类别信息', '2019-05-05 19:40:26', '查询操作', 1),
	(5594, '查询药品类别信息', '2019-05-05 19:40:26', '查询操作', 1),
	(5595, '查询药品类别信息', '2019-05-05 19:40:26', '查询操作', 1),
	(5596, '查询药品类别信息', '2019-05-05 19:40:26', '查询操作', 1),
	(5597, '查询药品类别信息', '2019-05-05 19:40:26', '查询操作', 1),
	(5598, '查询药品类别信息', '2019-05-05 19:40:26', '查询操作', 1),
	(5599, '查询药品类别信息', '2019-05-05 19:40:26', '查询操作', 1),
	(5600, '查询药品类别信息', '2019-05-05 19:40:26', '查询操作', 1),
	(5601, '查询药品类别信息', '2019-05-05 19:40:26', '查询操作', 1),
	(5602, '查询药品类别信息', '2019-05-05 19:40:26', '查询操作', 1),
	(5603, '查询药品类别信息', '2019-05-05 19:40:26', '查询操作', 1),
	(5604, '查询药品类别信息', '2019-05-05 19:40:26', '查询操作', 1),
	(5605, '查询药品类别信息', '2019-05-05 19:40:26', '查询操作', 1),
	(5606, '查询药品类别信息', '2019-05-05 19:40:26', '查询操作', 1),
	(5607, '查询药品类别信息', '2019-05-05 19:40:26', '查询操作', 1),
	(5608, '查询药品类别信息', '2019-05-05 19:40:26', '查询操作', 1),
	(5609, '查询药品类别信息', '2019-05-05 19:40:26', '查询操作', 1),
	(5610, '查询药品类别信息', '2019-05-05 19:40:26', '查询操作', 1),
	(5611, '查询药品类别信息', '2019-05-05 19:40:26', '查询操作', 1),
	(5612, '查询药品类别信息', '2019-05-05 19:40:26', '查询操作', 1),
	(5613, '查询药品类别信息', '2019-05-05 19:40:27', '查询操作', 1),
	(5614, '查询药品类别信息', '2019-05-05 19:40:27', '查询操作', 1),
	(5615, '查询药品类别信息', '2019-05-05 19:40:27', '查询操作', 1),
	(5616, '查询药品类别信息', '2019-05-05 19:40:27', '查询操作', 1),
	(5617, '查询药品类别信息', '2019-05-05 19:40:27', '查询操作', 1),
	(5618, '查询药品类别信息', '2019-05-05 19:40:27', '查询操作', 1),
	(5619, '查询药品类别信息', '2019-05-05 19:40:27', '查询操作', 1),
	(5620, '查询药品类别信息', '2019-05-05 19:40:27', '查询操作', 1),
	(5621, '查询药品类别信息', '2019-05-05 19:40:27', '查询操作', 1),
	(5622, '查询药品类别信息', '2019-05-05 19:40:27', '查询操作', 1),
	(5623, '查询药品类别信息', '2019-05-05 19:40:27', '查询操作', 1),
	(5624, '查询药品类别信息', '2019-05-05 19:40:27', '查询操作', 1),
	(5625, '查询药品类别信息', '2019-05-05 19:40:27', '查询操作', 1),
	(5626, '查询药品类别信息', '2019-05-05 19:40:27', '查询操作', 1),
	(5627, '查询药品类别信息', '2019-05-05 19:40:27', '查询操作', 1),
	(5628, '查询药品类别信息', '2019-05-05 19:40:27', '查询操作', 1),
	(5629, '查询药品类别信息', '2019-05-05 19:40:27', '查询操作', 1),
	(5630, '查询药品类别信息', '2019-05-05 19:40:27', '查询操作', 1),
	(5631, '查询药品类别信息', '2019-05-05 19:40:27', '查询操作', 1),
	(5632, '查询药品类别信息', '2019-05-05 19:40:27', '查询操作', 1),
	(5633, '查询药品类别信息', '2019-05-05 19:40:27', '查询操作', 1),
	(5634, '查询药品类别信息', '2019-05-05 19:40:27', '查询操作', 1),
	(5635, '查询药品类别信息', '2019-05-05 19:40:28', '查询操作', 1),
	(5636, '查询药品类别信息', '2019-05-05 19:40:28', '查询操作', 1),
	(5637, '查询药品类别信息', '2019-05-05 19:40:28', '查询操作', 1),
	(5638, '查询药品类别信息', '2019-05-05 19:40:28', '查询操作', 1),
	(5639, '查询药品类别信息', '2019-05-05 19:40:28', '查询操作', 1),
	(5640, '查询药品类别信息', '2019-05-05 19:40:28', '查询操作', 1),
	(5641, '查询药品类别信息', '2019-05-05 19:40:28', '查询操作', 1),
	(5642, '查询药品类别信息', '2019-05-05 19:40:28', '查询操作', 1),
	(5643, '查询药品类别信息', '2019-05-05 19:40:28', '查询操作', 1),
	(5644, '查询药品类别信息', '2019-05-05 19:40:28', '查询操作', 1),
	(5645, '查询药品类别信息', '2019-05-05 19:40:28', '查询操作', 1),
	(5646, '查询药品类别信息', '2019-05-05 19:40:28', '查询操作', 1),
	(5647, '查询药品类别信息', '2019-05-05 19:40:29', '查询操作', 1),
	(5648, '查询药品类别信息', '2019-05-05 19:40:29', '查询操作', 1),
	(5649, '查询药品类别信息', '2019-05-05 19:40:29', '查询操作', 1),
	(5650, '查询药品类别信息', '2019-05-05 19:40:29', '查询操作', 1),
	(5651, '查询药品类别信息', '2019-05-05 19:40:29', '查询操作', 1),
	(5652, '查询药品类别信息', '2019-05-05 19:40:29', '查询操作', 1),
	(5653, '查询药品类别信息', '2019-05-05 19:40:29', '查询操作', 1),
	(5654, '查询药品类别信息', '2019-05-05 19:40:29', '查询操作', 1),
	(5655, '查询药品类别信息', '2019-05-05 19:40:29', '查询操作', 1),
	(5656, '查询药品类别信息', '2019-05-05 19:40:29', '查询操作', 1),
	(5657, '查询药品类别信息', '2019-05-05 19:40:29', '查询操作', 1),
	(5658, '查询药品类别信息', '2019-05-05 19:40:29', '查询操作', 1),
	(5659, '查询药品类别信息', '2019-05-05 19:40:30', '查询操作', 1),
	(5660, '查询药品类别信息', '2019-05-05 19:40:30', '查询操作', 1),
	(5661, '查询药品类别信息', '2019-05-05 19:40:30', '查询操作', 1),
	(5662, '查询药品类别信息', '2019-05-05 19:40:30', '查询操作', 1),
	(5663, '查询药品类别信息', '2019-05-05 19:40:30', '查询操作', 1),
	(5664, '查询药品类别信息', '2019-05-05 19:40:30', '查询操作', 1),
	(5665, '查询药品类别信息', '2019-05-05 19:40:30', '查询操作', 1),
	(5666, '查询药品类别信息', '2019-05-05 19:40:30', '查询操作', 1),
	(5667, '查询供应商信息', '2019-05-05 19:40:30', '查询操作', 1),
	(5668, '查询供应商信息', '2019-05-05 19:40:30', '查询操作', 1),
	(5669, '查询药品类别信息', '2019-05-05 19:40:34', '查询操作', 1),
	(5670, '查询药品类别信息', '2019-05-05 19:40:35', '查询操作', 1),
	(5671, '查询药品类别信息', '2019-05-05 19:40:35', '查询操作', 1),
	(5672, '查询药品信息', '2019-05-05 19:40:35', '查询操作', 1),
	(5673, '查询药品单位信息', '2019-05-05 19:40:35', '查询操作', 1),
	(5674, '查询药品信息', '2019-05-05 19:40:35', '查询操作', 1),
	(5675, '查询药品单位信息', '2019-05-05 19:40:35', '查询操作', 1),
	(5676, '查询药品类别信息', '2019-05-05 19:40:35', '查询操作', 1),
	(5677, '查询药品类别信息', '2019-05-05 19:40:35', '查询操作', 1),
	(5678, '查询药品类别信息', '2019-05-05 19:40:35', '查询操作', 1),
	(5679, '查询药品类别信息', '2019-05-05 19:40:35', '查询操作', 1),
	(5680, '查询药品类别信息', '2019-05-05 19:40:35', '查询操作', 1),
	(5681, '查询药品类别信息', '2019-05-05 19:40:35', '查询操作', 1),
	(5682, '查询药品类别信息', '2019-05-05 19:40:35', '查询操作', 1),
	(5683, '查询药品类别信息', '2019-05-05 19:40:35', '查询操作', 1),
	(5684, '查询药品类别信息', '2019-05-05 19:40:35', '查询操作', 1),
	(5685, '查询药品类别信息', '2019-05-05 19:40:35', '查询操作', 1),
	(5686, '查询药品类别信息', '2019-05-05 19:40:35', '查询操作', 1),
	(5687, '查询药品类别信息', '2019-05-05 19:40:35', '查询操作', 1),
	(5688, '查询药品类别信息', '2019-05-05 19:40:35', '查询操作', 1),
	(5689, '查询药品类别信息', '2019-05-05 19:40:35', '查询操作', 1),
	(5690, '查询药品类别信息', '2019-05-05 19:40:35', '查询操作', 1),
	(5691, '查询药品类别信息', '2019-05-05 19:40:35', '查询操作', 1),
	(5692, '查询药品类别信息', '2019-05-05 19:40:35', '查询操作', 1),
	(5693, '查询药品类别信息', '2019-05-05 19:40:35', '查询操作', 1),
	(5694, '查询药品类别信息', '2019-05-05 19:40:35', '查询操作', 1),
	(5695, '查询药品类别信息', '2019-05-05 19:40:35', '查询操作', 1),
	(5696, '查询药品类别信息', '2019-05-05 19:40:35', '查询操作', 1),
	(5697, '查询药品类别信息', '2019-05-05 19:40:35', '查询操作', 1),
	(5698, '查询药品类别信息', '2019-05-05 19:40:35', '查询操作', 1),
	(5699, '查询药品类别信息', '2019-05-05 19:40:35', '查询操作', 1),
	(5700, '查询药品类别信息', '2019-05-05 19:40:35', '查询操作', 1),
	(5701, '查询药品类别信息', '2019-05-05 19:40:35', '查询操作', 1),
	(5702, '查询药品类别信息', '2019-05-05 19:40:35', '查询操作', 1),
	(5703, '查询药品类别信息', '2019-05-05 19:40:35', '查询操作', 1),
	(5704, '查询药品类别信息', '2019-05-05 19:40:35', '查询操作', 1),
	(5705, '查询药品类别信息', '2019-05-05 19:40:35', '查询操作', 1),
	(5706, '查询药品类别信息', '2019-05-05 19:40:36', '查询操作', 1),
	(5707, '查询药品类别信息', '2019-05-05 19:40:36', '查询操作', 1),
	(5708, '查询药品类别信息', '2019-05-05 19:40:36', '查询操作', 1),
	(5709, '查询药品类别信息', '2019-05-05 19:40:36', '查询操作', 1),
	(5710, '查询药品类别信息', '2019-05-05 19:40:36', '查询操作', 1),
	(5711, '查询药品类别信息', '2019-05-05 19:40:36', '查询操作', 1),
	(5712, '查询药品类别信息', '2019-05-05 19:40:36', '查询操作', 1),
	(5713, '查询药品类别信息', '2019-05-05 19:40:36', '查询操作', 1),
	(5714, '查询药品类别信息', '2019-05-05 19:40:36', '查询操作', 1),
	(5715, '查询药品类别信息', '2019-05-05 19:40:36', '查询操作', 1),
	(5716, '查询药品类别信息', '2019-05-05 19:40:36', '查询操作', 1),
	(5717, '查询药品类别信息', '2019-05-05 19:40:36', '查询操作', 1),
	(5718, '查询药品类别信息', '2019-05-05 19:40:36', '查询操作', 1),
	(5719, '查询药品类别信息', '2019-05-05 19:40:36', '查询操作', 1),
	(5720, '查询药品类别信息', '2019-05-05 19:40:36', '查询操作', 1),
	(5721, '查询药品类别信息', '2019-05-05 19:40:36', '查询操作', 1),
	(5722, '查询药品类别信息', '2019-05-05 19:40:36', '查询操作', 1),
	(5723, '查询药品类别信息', '2019-05-05 19:40:36', '查询操作', 1),
	(5724, '查询药品类别信息', '2019-05-05 19:40:36', '查询操作', 1),
	(5725, '查询药品类别信息', '2019-05-05 19:40:36', '查询操作', 1),
	(5726, '查询药品类别信息', '2019-05-05 19:40:36', '查询操作', 1),
	(5727, '查询药品类别信息', '2019-05-05 19:40:36', '查询操作', 1),
	(5728, '查询药品类别信息', '2019-05-05 19:40:36', '查询操作', 1),
	(5729, '查询药品类别信息', '2019-05-05 19:40:36', '查询操作', 1),
	(5730, '查询药品类别信息', '2019-05-05 19:40:37', '查询操作', 1),
	(5731, '查询药品类别信息', '2019-05-05 19:40:37', '查询操作', 1),
	(5732, '查询药品类别信息', '2019-05-05 19:40:37', '查询操作', 1),
	(5733, '查询药品类别信息', '2019-05-05 19:40:37', '查询操作', 1),
	(5734, '查询药品类别信息', '2019-05-05 19:40:37', '查询操作', 1),
	(5735, '查询药品类别信息', '2019-05-05 19:40:37', '查询操作', 1),
	(5736, '查询药品类别信息', '2019-05-05 19:40:37', '查询操作', 1),
	(5737, '查询药品类别信息', '2019-05-05 19:40:37', '查询操作', 1),
	(5738, '查询药品类别信息', '2019-05-05 19:40:37', '查询操作', 1),
	(5739, '查询药品类别信息', '2019-05-05 19:40:37', '查询操作', 1),
	(5740, '查询药品类别信息', '2019-05-05 19:40:37', '查询操作', 1),
	(5741, '查询药品类别信息', '2019-05-05 19:40:37', '查询操作', 1),
	(5742, '查询药品类别信息', '2019-05-05 19:40:37', '查询操作', 1),
	(5743, '查询药品类别信息', '2019-05-05 19:40:37', '查询操作', 1),
	(5744, '查询药品类别信息', '2019-05-05 19:40:37', '查询操作', 1),
	(5745, '查询药品类别信息', '2019-05-05 19:40:37', '查询操作', 1),
	(5746, '查询药品类别信息', '2019-05-05 19:40:38', '查询操作', 1),
	(5747, '查询药品类别信息', '2019-05-05 19:40:38', '查询操作', 1),
	(5748, '查询药品类别信息', '2019-05-05 19:40:38', '查询操作', 1),
	(5749, '查询药品类别信息', '2019-05-05 19:40:38', '查询操作', 1),
	(5750, '查询药品类别信息', '2019-05-05 19:40:38', '查询操作', 1),
	(5751, '查询药品类别信息', '2019-05-05 19:40:38', '查询操作', 1),
	(5752, '查询药品类别信息', '2019-05-05 19:40:38', '查询操作', 1),
	(5753, '查询药品类别信息', '2019-05-05 19:40:38', '查询操作', 1),
	(5754, '查询药品类别信息', '2019-05-05 19:40:38', '查询操作', 1),
	(5755, '查询药品类别信息', '2019-05-05 19:40:38', '查询操作', 1),
	(5756, '查询药品类别信息', '2019-05-05 19:40:38', '查询操作', 1),
	(5757, '查询药品类别信息', '2019-05-05 19:40:38', '查询操作', 1),
	(5758, '查询药品类别信息', '2019-05-05 19:40:38', '查询操作', 1),
	(5759, '查询药品类别信息', '2019-05-05 19:40:38', '查询操作', 1),
	(5760, '查询药品类别信息', '2019-05-05 19:40:38', '查询操作', 1),
	(5761, '查询药品类别信息', '2019-05-05 19:40:38', '查询操作', 1),
	(5762, '查询药品类别信息', '2019-05-05 19:40:39', '查询操作', 1),
	(5763, '查询药品类别信息', '2019-05-05 19:40:39', '查询操作', 1),
	(5764, '查询药品类别信息', '2019-05-05 19:40:39', '查询操作', 1),
	(5765, '查询药品类别信息', '2019-05-05 19:40:39', '查询操作', 1),
	(5766, '查询药品类别信息', '2019-05-05 19:40:39', '查询操作', 1),
	(5767, '查询药品类别信息', '2019-05-05 19:40:39', '查询操作', 1),
	(5768, '查询药品类别信息', '2019-05-05 19:40:39', '查询操作', 1),
	(5769, '查询药品类别信息', '2019-05-05 19:40:39', '查询操作', 1),
	(5770, '查询药品类别信息', '2019-05-05 19:40:39', '查询操作', 1),
	(5771, '查询药品类别信息', '2019-05-05 19:40:39', '查询操作', 1),
	(5772, '查询药品类别信息', '2019-05-05 19:40:40', '查询操作', 1),
	(5773, '查询药品类别信息', '2019-05-05 19:40:40', '查询操作', 1),
	(5774, '查询药品类别信息', '2019-05-05 19:40:40', '查询操作', 1),
	(5775, '查询药品类别信息', '2019-05-05 19:40:40', '查询操作', 1),
	(5776, '查询药品类别信息', '2019-05-05 19:40:40', '查询操作', 1),
	(5777, '查询药品类别信息', '2019-05-05 19:40:40', '查询操作', 1),
	(5778, '查询药品类别信息', '2019-05-05 19:40:40', '查询操作', 1),
	(5779, '查询药品类别信息', '2019-05-05 19:40:40', '查询操作', 1),
	(5780, '查询药品类别信息', '2019-05-05 19:40:40', '查询操作', 1),
	(5781, '查询药品类别信息', '2019-05-05 19:40:40', '查询操作', 1),
	(5782, '查询药品类别信息', '2019-05-05 19:40:40', '查询操作', 1),
	(5783, '查询药品类别信息', '2019-05-05 19:40:40', '查询操作', 1),
	(5784, '查询药品类别信息', '2019-05-05 19:40:40', '查询操作', 1),
	(5785, '查询药品类别信息', '2019-05-05 19:40:40', '查询操作', 1),
	(5786, '查询药品类别信息', '2019-05-05 19:40:40', '查询操作', 1),
	(5787, '查询药品类别信息', '2019-05-05 19:40:40', '查询操作', 1),
	(5788, '查询药品类别信息', '2019-05-05 19:40:41', '查询操作', 1),
	(5789, '查询药品类别信息', '2019-05-05 19:40:41', '查询操作', 1),
	(5790, '查询药品类别信息', '2019-05-05 19:40:41', '查询操作', 1),
	(5791, '查询药品类别信息', '2019-05-05 19:40:41', '查询操作', 1),
	(5792, '查询药品类别信息', '2019-05-05 19:40:41', '查询操作', 1),
	(5793, '查询药品类别信息', '2019-05-05 19:40:41', '查询操作', 1),
	(5794, '查询药品类别信息', '2019-05-05 19:40:41', '查询操作', 1),
	(5795, '查询药品类别信息', '2019-05-05 19:40:41', '查询操作', 1),
	(5796, '查询药品类别信息', '2019-05-05 19:40:41', '查询操作', 1),
	(5797, '查询药品类别信息', '2019-05-05 19:40:41', '查询操作', 1),
	(5798, '查询药品类别信息', '2019-05-05 19:40:41', '查询操作', 1),
	(5799, '查询药品类别信息', '2019-05-05 19:40:41', '查询操作', 1),
	(5800, '查询药品类别信息', '2019-05-05 19:40:42', '查询操作', 1),
	(5801, '查询药品类别信息', '2019-05-05 19:40:42', '查询操作', 1),
	(5802, '查询药品类别信息', '2019-05-05 19:40:42', '查询操作', 1),
	(5803, '查询药品类别信息', '2019-05-05 19:40:42', '查询操作', 1),
	(5804, '查询药品类别信息', '2019-05-05 19:40:42', '查询操作', 1),
	(5805, '查询药品类别信息', '2019-05-05 19:40:42', '查询操作', 1),
	(5806, '查询药品类别信息', '2019-05-05 19:40:42', '查询操作', 1),
	(5807, '查询药品类别信息', '2019-05-05 19:40:42', '查询操作', 1),
	(5808, '查询药品类别信息', '2019-05-05 19:40:42', '查询操作', 1),
	(5809, '查询药品类别信息', '2019-05-05 19:40:42', '查询操作', 1),
	(5810, '查询药品类别信息', '2019-05-05 19:40:43', '查询操作', 1),
	(5811, '查询药品类别信息', '2019-05-05 19:40:43', '查询操作', 1),
	(5812, '查询药品类别信息', '2019-05-05 19:40:43', '查询操作', 1),
	(5813, '查询药品类别信息', '2019-05-05 19:40:43', '查询操作', 1),
	(5814, '查询药品类别信息', '2019-05-05 19:40:43', '查询操作', 1),
	(5815, '查询药品类别信息', '2019-05-05 19:40:43', '查询操作', 1),
	(5816, '查询药品类别信息', '2019-05-05 19:40:44', '查询操作', 1),
	(5817, '查询药品类别信息', '2019-05-05 19:40:44', '查询操作', 1),
	(5818, '查询药品类别信息', '2019-05-05 19:40:44', '查询操作', 1),
	(5819, '查询药品类别信息', '2019-05-05 19:40:44', '查询操作', 1),
	(5820, '查询药品类别信息', '2019-05-05 19:40:44', '查询操作', 1),
	(5821, '查询药品类别信息', '2019-05-05 19:40:44', '查询操作', 1),
	(5822, '查询药品类别信息', '2019-05-05 19:40:44', '查询操作', 1),
	(5823, '查询药品类别信息', '2019-05-05 19:40:44', '查询操作', 1),
	(5824, '查询药品类别信息', '2019-05-05 19:40:45', '查询操作', 1),
	(5825, '查询药品类别信息', '2019-05-05 19:40:45', '查询操作', 1),
	(5826, '查询药品类别信息', '2019-05-05 19:40:45', '查询操作', 1),
	(5827, '查询药品类别信息', '2019-05-05 19:40:45', '查询操作', 1),
	(5828, '查询药品类别信息', '2019-05-05 19:40:45', '查询操作', 1),
	(5829, '查询药品类别信息', '2019-05-05 19:40:45', '查询操作', 1),
	(5830, '查询药品类别信息', '2019-05-05 19:40:45', '查询操作', 1),
	(5831, '查询药品类别信息', '2019-05-05 19:40:45', '查询操作', 1),
	(5832, '查询药品类别信息', '2019-05-05 19:40:46', '查询操作', 1),
	(5833, '查询药品类别信息', '2019-05-05 19:40:46', '查询操作', 1),
	(5834, '查询药品类别信息', '2019-05-05 19:40:46', '查询操作', 1),
	(5835, '查询药品类别信息', '2019-05-05 19:40:46', '查询操作', 1),
	(5836, '查询药品类别信息', '2019-05-05 19:40:47', '查询操作', 1),
	(5837, '查询药品类别信息', '2019-05-05 19:40:47', '查询操作', 1),
	(5838, '查询药品类别信息', '2019-05-05 19:40:47', '查询操作', 1),
	(5839, '查询药品类别信息', '2019-05-05 19:40:47', '查询操作', 1),
	(5840, '查询药品类别信息', '2019-05-05 19:40:47', '查询操作', 1),
	(5841, '查询药品类别信息', '2019-05-05 19:40:47', '查询操作', 1),
	(5842, '查询药品类别信息', '2019-05-05 19:40:47', '查询操作', 1),
	(5843, '查询药品类别信息', '2019-05-05 19:40:47', '查询操作', 1),
	(5844, '查询药品类别信息', '2019-05-05 19:40:48', '查询操作', 1),
	(5845, '查询药品类别信息', '2019-05-05 19:40:48', '查询操作', 1),
	(5846, '查询药品类别信息', '2019-05-05 19:40:48', '查询操作', 1),
	(5847, '查询药品类别信息', '2019-05-05 19:40:48', '查询操作', 1),
	(5848, '查询药品类别信息', '2019-05-05 19:40:48', '查询操作', 1),
	(5849, '查询药品类别信息', '2019-05-05 19:40:48', '查询操作', 1),
	(5850, '查询药品类别信息', '2019-05-05 19:40:49', '查询操作', 1),
	(5851, '查询药品类别信息', '2019-05-05 19:40:49', '查询操作', 1),
	(5852, '查询药品类别信息', '2019-05-05 19:40:49', '查询操作', 1),
	(5853, '查询药品类别信息', '2019-05-05 19:40:49', '查询操作', 1),
	(5854, '查询药品类别信息', '2019-05-05 19:40:49', '查询操作', 1),
	(5855, '查询药品类别信息', '2019-05-05 19:40:49', '查询操作', 1),
	(5856, '查询药品类别信息', '2019-05-05 19:40:50', '查询操作', 1),
	(5857, '查询药品类别信息', '2019-05-05 19:40:50', '查询操作', 1),
	(5858, '查询药品类别信息', '2019-05-05 19:40:50', '查询操作', 1),
	(5859, '查询药品类别信息', '2019-05-05 19:40:50', '查询操作', 1),
	(5860, '查询药品类别信息', '2019-05-05 19:40:51', '查询操作', 1),
	(5861, '查询药品类别信息', '2019-05-05 19:40:51', '查询操作', 1),
	(5862, '查询药品类别信息', '2019-05-05 19:40:51', '查询操作', 1),
	(5863, '查询药品类别信息', '2019-05-05 19:40:51', '查询操作', 1),
	(5864, '查询药品类别信息', '2019-05-05 19:40:51', '查询操作', 1),
	(5865, '查询药品类别信息', '2019-05-05 19:40:51', '查询操作', 1),
	(5866, '查询药品类别信息', '2019-05-05 19:40:52', '查询操作', 1),
	(5867, '查询药品类别信息', '2019-05-05 19:40:52', '查询操作', 1),
	(5868, '查询药品类别信息', '2019-05-05 19:40:52', '查询操作', 1),
	(5869, '查询药品类别信息', '2019-05-05 19:40:52', '查询操作', 1),
	(5870, '查询药品类别信息', '2019-05-05 19:40:52', '查询操作', 1),
	(5871, '查询药品类别信息', '2019-05-05 19:40:52', '查询操作', 1),
	(5872, '查询药品类别信息', '2019-05-05 19:40:53', '查询操作', 1),
	(5873, '查询药品类别信息', '2019-05-05 19:40:53', '查询操作', 1),
	(5874, '查询药品类别信息', '2019-05-05 19:40:53', '查询操作', 1),
	(5875, '查询药品类别信息', '2019-05-05 19:40:53', '查询操作', 1),
	(5876, '查询药品类别信息', '2019-05-05 19:40:54', '查询操作', 1),
	(5877, '查询药品类别信息', '2019-05-05 19:40:54', '查询操作', 1),
	(5878, '查询药品类别信息', '2019-05-05 19:40:54', '查询操作', 1),
	(5879, '查询药品类别信息', '2019-05-05 19:40:54', '查询操作', 1),
	(5880, '查询药品类别信息', '2019-05-05 19:40:54', '查询操作', 1),
	(5881, '查询药品类别信息', '2019-05-05 19:40:54', '查询操作', 1),
	(5882, '查询药品类别信息', '2019-05-05 19:40:55', '查询操作', 1),
	(5883, '查询药品类别信息', '2019-05-05 19:40:55', '查询操作', 1),
	(5884, '查询药品类别信息', '2019-05-05 19:40:56', '查询操作', 1),
	(5885, '查询药品类别信息', '2019-05-05 19:40:56', '查询操作', 1),
	(5886, '查询药品类别信息', '2019-05-05 19:40:56', '查询操作', 1),
	(5887, '查询药品类别信息', '2019-05-05 19:40:56', '查询操作', 1),
	(5888, '查询药品类别信息', '2019-05-05 19:40:56', '查询操作', 1),
	(5889, '查询药品类别信息', '2019-05-05 19:40:56', '查询操作', 1),
	(5890, '查询药品类别信息', '2019-05-05 19:40:57', '查询操作', 1),
	(5891, '查询药品类别信息', '2019-05-05 19:40:57', '查询操作', 1),
	(5892, '查询药品类别信息', '2019-05-05 19:40:57', '查询操作', 1),
	(5893, '查询药品类别信息', '2019-05-05 19:40:57', '查询操作', 1),
	(5894, '查询药品类别信息', '2019-05-05 19:40:57', '查询操作', 1),
	(5895, '查询药品类别信息', '2019-05-05 19:40:57', '查询操作', 1),
	(5896, '查询药品类别信息', '2019-05-05 19:40:58', '查询操作', 1),
	(5897, '查询药品类别信息', '2019-05-05 19:40:58', '查询操作', 1),
	(5898, '查询药品类别信息', '2019-05-05 19:40:58', '查询操作', 1),
	(5899, '查询药品类别信息', '2019-05-05 19:40:58', '查询操作', 1),
	(5900, '查询药品类别信息', '2019-05-05 19:40:59', '查询操作', 1),
	(5901, '查询药品类别信息', '2019-05-05 19:40:59', '查询操作', 1),
	(5902, '查询药品类别信息', '2019-05-05 19:40:59', '查询操作', 1),
	(5903, '查询药品类别信息', '2019-05-05 19:40:59', '查询操作', 1),
	(5904, '查询药品类别信息', '2019-05-05 19:41:00', '查询操作', 1),
	(5905, '查询药品类别信息', '2019-05-05 19:41:00', '查询操作', 1),
	(5906, '查询药品类别信息', '2019-05-05 19:41:00', '查询操作', 1),
	(5907, '查询药品类别信息', '2019-05-05 19:41:00', '查询操作', 1),
	(5908, '查询药品类别信息', '2019-05-05 19:41:00', '查询操作', 1),
	(5909, '查询药品类别信息', '2019-05-05 19:41:00', '查询操作', 1),
	(5910, '查询药品类别信息', '2019-05-05 19:41:01', '查询操作', 1),
	(5911, '查询药品类别信息', '2019-05-05 19:41:01', '查询操作', 1),
	(5912, '查询药品类别信息', '2019-05-05 19:41:01', '查询操作', 1),
	(5913, '查询药品类别信息', '2019-05-05 19:41:01', '查询操作', 1),
	(5914, '查询药品类别信息', '2019-05-05 19:41:02', '查询操作', 1),
	(5915, '查询药品类别信息', '2019-05-05 19:41:02', '查询操作', 1),
	(5916, '查询药品类别信息', '2019-05-05 19:41:02', '查询操作', 1),
	(5917, '查询药品类别信息', '2019-05-05 19:41:02', '查询操作', 1),
	(5918, '查询药品类别信息', '2019-05-05 19:41:03', '查询操作', 1),
	(5919, '查询药品类别信息', '2019-05-05 19:41:03', '查询操作', 1),
	(5920, '查询药品类别信息', '2019-05-05 19:41:05', '查询操作', 1),
	(5921, '查询药品类别信息', '2019-05-05 19:41:05', '查询操作', 1),
	(5922, '查询药品类别信息', '2019-05-05 19:41:05', '查询操作', 1),
	(5923, '查询药品信息', '2019-05-05 19:41:05', '查询操作', 1),
	(5924, '查询药品单位信息', '2019-05-05 19:41:05', '查询操作', 1),
	(5925, '查询药品信息', '2019-05-05 19:41:05', '查询操作', 1),
	(5926, '查询药品单位信息', '2019-05-05 19:41:05', '查询操作', 1),
	(5927, '查询药品类别信息', '2019-05-05 19:41:05', '查询操作', 1),
	(5928, '查询药品类别信息', '2019-05-05 19:41:05', '查询操作', 1),
	(5929, '查询药品类别信息', '2019-05-05 19:41:05', '查询操作', 1),
	(5930, '查询药品类别信息', '2019-05-05 19:41:05', '查询操作', 1),
	(5931, '查询药品类别信息', '2019-05-05 19:41:05', '查询操作', 1),
	(5932, '查询药品类别信息', '2019-05-05 19:41:05', '查询操作', 1),
	(5933, '查询药品类别信息', '2019-05-05 19:41:06', '查询操作', 1),
	(5934, '查询药品类别信息', '2019-05-05 19:41:06', '查询操作', 1),
	(5935, '查询药品类别信息', '2019-05-05 19:41:06', '查询操作', 1),
	(5936, '查询药品类别信息', '2019-05-05 19:41:06', '查询操作', 1),
	(5937, '查询药品类别信息', '2019-05-05 19:41:06', '查询操作', 1),
	(5938, '查询药品类别信息', '2019-05-05 19:41:06', '查询操作', 1),
	(5939, '查询药品类别信息', '2019-05-05 19:41:06', '查询操作', 1),
	(5940, '查询药品类别信息', '2019-05-05 19:41:06', '查询操作', 1),
	(5941, '查询药品类别信息', '2019-05-05 19:41:06', '查询操作', 1),
	(5942, '查询药品类别信息', '2019-05-05 19:41:06', '查询操作', 1),
	(5943, '查询药品类别信息', '2019-05-05 19:41:06', '查询操作', 1),
	(5944, '查询药品类别信息', '2019-05-05 19:41:06', '查询操作', 1),
	(5945, '查询药品类别信息', '2019-05-05 19:41:06', '查询操作', 1),
	(5946, '查询药品类别信息', '2019-05-05 19:41:06', '查询操作', 1),
	(5947, '查询药品类别信息', '2019-05-05 19:41:06', '查询操作', 1),
	(5948, '查询药品类别信息', '2019-05-05 19:41:06', '查询操作', 1),
	(5949, '查询药品类别信息', '2019-05-05 19:41:06', '查询操作', 1),
	(5950, '查询药品类别信息', '2019-05-05 19:41:06', '查询操作', 1),
	(5951, '查询药品类别信息', '2019-05-05 19:41:06', '查询操作', 1),
	(5952, '查询药品类别信息', '2019-05-05 19:41:06', '查询操作', 1),
	(5953, '查询药品类别信息', '2019-05-05 19:41:06', '查询操作', 1),
	(5954, '查询药品类别信息', '2019-05-05 19:41:06', '查询操作', 1),
	(5955, '查询药品类别信息', '2019-05-05 19:41:06', '查询操作', 1),
	(5956, '查询药品类别信息', '2019-05-05 19:41:06', '查询操作', 1),
	(5957, '查询药品类别信息', '2019-05-05 19:41:06', '查询操作', 1),
	(5958, '查询药品类别信息', '2019-05-05 19:41:06', '查询操作', 1),
	(5959, '查询药品类别信息', '2019-05-05 19:41:06', '查询操作', 1),
	(5960, '查询药品类别信息', '2019-05-05 19:41:06', '查询操作', 1),
	(5961, '查询药品类别信息', '2019-05-05 19:41:06', '查询操作', 1),
	(5962, '查询药品类别信息', '2019-05-05 19:41:06', '查询操作', 1),
	(5963, '查询药品类别信息', '2019-05-05 19:41:06', '查询操作', 1),
	(5964, '查询药品类别信息', '2019-05-05 19:41:06', '查询操作', 1),
	(5965, '查询药品类别信息', '2019-05-05 19:41:07', '查询操作', 1),
	(5966, '查询药品类别信息', '2019-05-05 19:41:07', '查询操作', 1),
	(5967, '查询药品类别信息', '2019-05-05 19:41:07', '查询操作', 1),
	(5968, '查询药品类别信息', '2019-05-05 19:41:07', '查询操作', 1),
	(5969, '查询药品类别信息', '2019-05-05 19:41:07', '查询操作', 1),
	(5970, '查询药品类别信息', '2019-05-05 19:41:07', '查询操作', 1),
	(5971, '查询药品类别信息', '2019-05-05 19:41:07', '查询操作', 1),
	(5972, '查询药品类别信息', '2019-05-05 19:41:07', '查询操作', 1),
	(5973, '查询药品类别信息', '2019-05-05 19:41:07', '查询操作', 1),
	(5974, '查询药品类别信息', '2019-05-05 19:41:07', '查询操作', 1),
	(5975, '查询药品类别信息', '2019-05-05 19:41:07', '查询操作', 1),
	(5976, '查询药品类别信息', '2019-05-05 19:41:07', '查询操作', 1),
	(5977, '查询药品类别信息', '2019-05-05 19:41:07', '查询操作', 1),
	(5978, '查询药品类别信息', '2019-05-05 19:41:07', '查询操作', 1),
	(5979, '查询药品类别信息', '2019-05-05 19:41:07', '查询操作', 1),
	(5980, '查询药品类别信息', '2019-05-05 19:41:07', '查询操作', 1),
	(5981, '查询药品类别信息', '2019-05-05 19:41:07', '查询操作', 1),
	(5982, '查询药品类别信息', '2019-05-05 19:41:07', '查询操作', 1),
	(5983, '查询药品类别信息', '2019-05-05 19:41:07', '查询操作', 1),
	(5984, '查询药品类别信息', '2019-05-05 19:41:07', '查询操作', 1),
	(5985, '查询药品类别信息', '2019-05-05 19:41:07', '查询操作', 1),
	(5986, '查询药品类别信息', '2019-05-05 19:41:07', '查询操作', 1),
	(5987, '查询药品类别信息', '2019-05-05 19:41:08', '查询操作', 1),
	(5988, '查询药品类别信息', '2019-05-05 19:41:08', '查询操作', 1),
	(5989, '查询药品类别信息', '2019-05-05 19:41:08', '查询操作', 1),
	(5990, '查询药品类别信息', '2019-05-05 19:41:08', '查询操作', 1),
	(5991, '查询药品类别信息', '2019-05-05 19:41:08', '查询操作', 1),
	(5992, '查询药品类别信息', '2019-05-05 19:41:08', '查询操作', 1),
	(5993, '查询药品类别信息', '2019-05-05 19:41:08', '查询操作', 1),
	(5994, '查询药品类别信息', '2019-05-05 19:41:08', '查询操作', 1),
	(5995, '查询药品类别信息', '2019-05-05 19:41:08', '查询操作', 1),
	(5996, '查询药品类别信息', '2019-05-05 19:41:08', '查询操作', 1),
	(5997, '查询药品类别信息', '2019-05-05 19:41:08', '查询操作', 1),
	(5998, '查询药品类别信息', '2019-05-05 19:41:08', '查询操作', 1),
	(5999, '查询药品类别信息', '2019-05-05 19:41:08', '查询操作', 1),
	(6000, '查询药品类别信息', '2019-05-05 19:41:08', '查询操作', 1),
	(6001, '查询药品类别信息', '2019-05-05 19:41:08', '查询操作', 1),
	(6002, '查询药品类别信息', '2019-05-05 19:41:08', '查询操作', 1),
	(6003, '查询药品类别信息', '2019-05-05 19:41:08', '查询操作', 1),
	(6004, '查询药品类别信息', '2019-05-05 19:41:08', '查询操作', 1),
	(6005, '查询药品类别信息', '2019-05-05 19:41:09', '查询操作', 1),
	(6006, '查询药品类别信息', '2019-05-05 19:41:09', '查询操作', 1),
	(6007, '查询药品类别信息', '2019-05-05 19:41:09', '查询操作', 1),
	(6008, '查询药品类别信息', '2019-05-05 19:41:09', '查询操作', 1),
	(6009, '查询药品类别信息', '2019-05-05 19:41:09', '查询操作', 1),
	(6010, '查询药品类别信息', '2019-05-05 19:41:09', '查询操作', 1),
	(6011, '查询药品类别信息', '2019-05-05 19:41:09', '查询操作', 1),
	(6012, '查询药品类别信息', '2019-05-05 19:41:09', '查询操作', 1),
	(6013, '查询药品类别信息', '2019-05-05 19:41:10', '查询操作', 1),
	(6014, '查询药品类别信息', '2019-05-05 19:41:10', '查询操作', 1),
	(6015, '查询药品类别信息', '2019-05-05 19:41:10', '查询操作', 1),
	(6016, '查询药品类别信息', '2019-05-05 19:41:10', '查询操作', 1),
	(6017, '查询药品类别信息', '2019-05-05 19:41:10', '查询操作', 1),
	(6018, '查询药品类别信息', '2019-05-05 19:41:10', '查询操作', 1),
	(6019, '查询药品类别信息', '2019-05-05 19:41:10', '查询操作', 1),
	(6020, '查询药品类别信息', '2019-05-05 19:41:10', '查询操作', 1),
	(6021, '查询药品类别信息', '2019-05-05 19:41:11', '查询操作', 1),
	(6022, '查询药品类别信息', '2019-05-05 19:41:11', '查询操作', 1),
	(6023, '查询药品类别信息', '2019-05-05 19:41:11', '查询操作', 1),
	(6024, '查询药品类别信息', '2019-05-05 19:41:11', '查询操作', 1),
	(6025, '查询药品类别信息', '2019-05-05 19:41:11', '查询操作', 1),
	(6026, '查询药品类别信息', '2019-05-05 19:41:11', '查询操作', 1),
	(6027, '查询药品类别信息', '2019-05-05 19:41:11', '查询操作', 1),
	(6028, '查询药品类别信息', '2019-05-05 19:41:11', '查询操作', 1),
	(6029, '查询药品类别信息', '2019-05-05 19:41:11', '查询操作', 1),
	(6030, '查询药品类别信息', '2019-05-05 19:41:11', '查询操作', 1),
	(6031, '查询药品类别信息', '2019-05-05 19:41:11', '查询操作', 1),
	(6032, '查询药品类别信息', '2019-05-05 19:41:11', '查询操作', 1),
	(6033, '查询药品类别信息', '2019-05-05 19:41:12', '查询操作', 1),
	(6034, '查询药品类别信息', '2019-05-05 19:41:12', '查询操作', 1),
	(6035, '查询药品类别信息', '2019-05-05 19:41:12', '查询操作', 1),
	(6036, '查询药品类别信息', '2019-05-05 19:41:12', '查询操作', 1),
	(6037, '查询药品类别信息', '2019-05-05 19:41:12', '查询操作', 1),
	(6038, '查询药品类别信息', '2019-05-05 19:41:12', '查询操作', 1),
	(6039, '查询药品类别信息', '2019-05-05 19:41:12', '查询操作', 1),
	(6040, '查询药品类别信息', '2019-05-05 19:41:12', '查询操作', 1),
	(6041, '查询药品类别信息', '2019-05-05 19:41:13', '查询操作', 1),
	(6042, '查询药品类别信息', '2019-05-05 19:41:13', '查询操作', 1),
	(6043, '查询药品类别信息', '2019-05-05 19:41:13', '查询操作', 1),
	(6044, '查询药品类别信息', '2019-05-05 19:41:13', '查询操作', 1),
	(6045, '查询药品类别信息', '2019-05-05 19:41:13', '查询操作', 1),
	(6046, '查询药品类别信息', '2019-05-05 19:41:13', '查询操作', 1),
	(6047, '查询药品类别信息', '2019-05-05 19:41:13', '查询操作', 1),
	(6048, '查询药品类别信息', '2019-05-05 19:41:13', '查询操作', 1),
	(6049, '查询药品类别信息', '2019-05-05 19:41:13', '查询操作', 1),
	(6050, '查询药品类别信息', '2019-05-05 19:41:13', '查询操作', 1),
	(6051, '查询药品类别信息', '2019-05-05 19:41:13', '查询操作', 1),
	(6052, '查询药品类别信息', '2019-05-05 19:41:13', '查询操作', 1),
	(6053, '查询药品类别信息', '2019-05-05 19:41:14', '查询操作', 1),
	(6054, '查询药品类别信息', '2019-05-05 19:41:14', '查询操作', 1),
	(6055, '查询药品类别信息', '2019-05-05 19:41:14', '查询操作', 1),
	(6056, '查询药品类别信息', '2019-05-05 19:41:14', '查询操作', 1),
	(6057, '查询药品类别信息', '2019-05-05 19:41:14', '查询操作', 1),
	(6058, '查询药品类别信息', '2019-05-05 19:41:14', '查询操作', 1),
	(6059, '查询药品类别信息', '2019-05-05 19:41:14', '查询操作', 1),
	(6060, '查询药品类别信息', '2019-05-05 19:41:14', '查询操作', 1),
	(6061, '查询药品类别信息', '2019-05-05 19:41:15', '查询操作', 1),
	(6062, '查询药品类别信息', '2019-05-05 19:41:15', '查询操作', 1),
	(6063, '查询药品类别信息', '2019-05-05 19:41:15', '查询操作', 1),
	(6064, '查询药品类别信息', '2019-05-05 19:41:15', '查询操作', 1),
	(6065, '查询药品类别信息', '2019-05-05 19:41:15', '查询操作', 1),
	(6066, '查询药品类别信息', '2019-05-05 19:41:15', '查询操作', 1),
	(6067, '查询药品类别信息', '2019-05-05 19:41:15', '查询操作', 1),
	(6068, '查询药品类别信息', '2019-05-05 19:41:15', '查询操作', 1),
	(6069, '查询药品类别信息', '2019-05-05 19:41:16', '查询操作', 1),
	(6070, '查询药品类别信息', '2019-05-05 19:41:16', '查询操作', 1),
	(6071, '查询药品类别信息', '2019-05-05 19:41:16', '查询操作', 1),
	(6072, '查询药品类别信息', '2019-05-05 19:41:16', '查询操作', 1),
	(6073, '查询药品类别信息', '2019-05-05 19:41:16', '查询操作', 1),
	(6074, '查询药品类别信息', '2019-05-05 19:41:16', '查询操作', 1),
	(6075, '查询药品类别信息', '2019-05-05 19:41:16', '查询操作', 1),
	(6076, '查询药品类别信息', '2019-05-05 19:41:16', '查询操作', 1),
	(6077, '查询药品类别信息', '2019-05-05 19:41:17', '查询操作', 1),
	(6078, '查询药品类别信息', '2019-05-05 19:41:17', '查询操作', 1),
	(6079, '查询药品类别信息', '2019-05-05 19:41:17', '查询操作', 1),
	(6080, '查询药品类别信息', '2019-05-05 19:41:17', '查询操作', 1),
	(6081, '查询药品类别信息', '2019-05-05 19:41:17', '查询操作', 1),
	(6082, '查询药品类别信息', '2019-05-05 19:41:17', '查询操作', 1),
	(6083, '查询药品类别信息', '2019-05-05 19:41:18', '查询操作', 1),
	(6084, '查询药品类别信息', '2019-05-05 19:41:18', '查询操作', 1),
	(6085, '查询药品类别信息', '2019-05-05 19:41:18', '查询操作', 1),
	(6086, '查询药品类别信息', '2019-05-05 19:41:18', '查询操作', 1),
	(6087, '查询药品类别信息', '2019-05-05 19:41:18', '查询操作', 1),
	(6088, '查询药品类别信息', '2019-05-05 19:41:18', '查询操作', 1),
	(6089, '查询药品类别信息', '2019-05-05 19:41:18', '查询操作', 1),
	(6090, '查询药品类别信息', '2019-05-05 19:41:18', '查询操作', 1),
	(6091, '查询药品类别信息', '2019-05-05 19:41:19', '查询操作', 1),
	(6092, '查询药品类别信息', '2019-05-05 19:41:19', '查询操作', 1),
	(6093, '查询药品类别信息', '2019-05-05 19:41:19', '查询操作', 1),
	(6094, '查询药品类别信息', '2019-05-05 19:41:19', '查询操作', 1),
	(6095, '查询药品类别信息', '2019-05-05 19:41:19', '查询操作', 1),
	(6096, '查询药品类别信息', '2019-05-05 19:41:19', '查询操作', 1),
	(6097, '查询药品类别信息', '2019-05-05 19:41:20', '查询操作', 1),
	(6098, '查询药品类别信息', '2019-05-05 19:41:20', '查询操作', 1),
	(6099, '查询药品类别信息', '2019-05-05 19:41:20', '查询操作', 1),
	(6100, '查询药品类别信息', '2019-05-05 19:41:20', '查询操作', 1),
	(6101, '查询药品类别信息', '2019-05-05 19:41:20', '查询操作', 1),
	(6102, '查询药品类别信息', '2019-05-05 19:41:20', '查询操作', 1),
	(6103, '查询药品类别信息', '2019-05-05 19:41:21', '查询操作', 1),
	(6104, '查询药品类别信息', '2019-05-05 19:41:21', '查询操作', 1),
	(6105, '查询药品类别信息', '2019-05-05 19:41:21', '查询操作', 1),
	(6106, '查询药品类别信息', '2019-05-05 19:41:21', '查询操作', 1),
	(6107, '查询药品类别信息', '2019-05-05 19:41:22', '查询操作', 1),
	(6108, '查询药品类别信息', '2019-05-05 19:41:22', '查询操作', 1),
	(6109, '查询药品类别信息', '2019-05-05 19:41:22', '查询操作', 1),
	(6110, '查询药品类别信息', '2019-05-05 19:41:22', '查询操作', 1),
	(6111, '查询药品类别信息', '2019-05-05 19:41:22', '查询操作', 1),
	(6112, '查询药品类别信息', '2019-05-05 19:41:22', '查询操作', 1),
	(6113, '查询药品类别信息', '2019-05-05 19:41:23', '查询操作', 1),
	(6114, '查询药品类别信息', '2019-05-05 19:41:23', '查询操作', 1),
	(6115, '查询药品类别信息', '2019-05-05 19:41:23', '查询操作', 1),
	(6116, '查询药品类别信息', '2019-05-05 19:41:23', '查询操作', 1),
	(6117, '查询药品类别信息', '2019-05-05 19:41:23', '查询操作', 1),
	(6118, '查询药品类别信息', '2019-05-05 19:41:23', '查询操作', 1),
	(6119, '查询药品类别信息', '2019-05-05 19:41:24', '查询操作', 1),
	(6120, '查询药品类别信息', '2019-05-05 19:41:24', '查询操作', 1),
	(6121, '查询药品类别信息', '2019-05-05 19:41:24', '查询操作', 1),
	(6122, '查询药品类别信息', '2019-05-05 19:41:24', '查询操作', 1),
	(6123, '查询药品类别信息', '2019-05-05 19:41:24', '查询操作', 1),
	(6124, '查询药品类别信息', '2019-05-05 19:41:24', '查询操作', 1),
	(6125, '查询药品类别信息', '2019-05-05 19:41:25', '查询操作', 1),
	(6126, '查询药品类别信息', '2019-05-05 19:41:25', '查询操作', 1),
	(6127, '查询药品类别信息', '2019-05-05 19:41:25', '查询操作', 1),
	(6128, '查询药品类别信息', '2019-05-05 19:41:25', '查询操作', 1),
	(6129, '查询药品类别信息', '2019-05-05 19:41:25', '查询操作', 1),
	(6130, '查询药品类别信息', '2019-05-05 19:41:25', '查询操作', 1),
	(6131, '查询药品类别信息', '2019-05-05 19:41:25', '查询操作', 1),
	(6132, '查询药品类别信息', '2019-05-05 19:41:25', '查询操作', 1),
	(6133, '查询药品类别信息', '2019-05-05 19:41:26', '查询操作', 1),
	(6134, '查询药品类别信息', '2019-05-05 19:41:26', '查询操作', 1),
	(6135, '查询药品类别信息', '2019-05-05 19:41:26', '查询操作', 1),
	(6136, '查询药品类别信息', '2019-05-05 19:41:26', '查询操作', 1),
	(6137, '查询药品类别信息', '2019-05-05 19:41:26', '查询操作', 1),
	(6138, '查询药品类别信息', '2019-05-05 19:41:26', '查询操作', 1),
	(6139, '查询药品类别信息', '2019-05-05 19:41:27', '查询操作', 1),
	(6140, '查询药品类别信息', '2019-05-05 19:41:27', '查询操作', 1),
	(6141, '查询药品类别信息', '2019-05-05 19:41:27', '查询操作', 1),
	(6142, '查询药品类别信息', '2019-05-05 19:41:27', '查询操作', 1),
	(6143, '查询药品类别信息', '2019-05-05 19:41:27', '查询操作', 1),
	(6144, '查询药品类别信息', '2019-05-05 19:41:27', '查询操作', 1),
	(6145, '查询药品类别信息', '2019-05-05 19:41:28', '查询操作', 1),
	(6146, '查询药品类别信息', '2019-05-05 19:41:28', '查询操作', 1),
	(6147, '查询药品类别信息', '2019-05-05 19:41:28', '查询操作', 1),
	(6148, '查询药品类别信息', '2019-05-05 19:41:28', '查询操作', 1),
	(6149, '查询药品类别信息', '2019-05-05 19:41:28', '查询操作', 1),
	(6150, '查询药品类别信息', '2019-05-05 19:41:28', '查询操作', 1),
	(6151, '查询药品类别信息', '2019-05-05 19:41:29', '查询操作', 1),
	(6152, '查询药品类别信息', '2019-05-05 19:41:29', '查询操作', 1),
	(6153, '查询药品类别信息', '2019-05-05 19:41:29', '查询操作', 1),
	(6154, '查询药品类别信息', '2019-05-05 19:41:29', '查询操作', 1),
	(6155, '查询药品类别信息', '2019-05-05 19:41:29', '查询操作', 1),
	(6156, '查询药品类别信息', '2019-05-05 19:41:29', '查询操作', 1),
	(6157, '查询药品类别信息', '2019-05-05 19:41:30', '查询操作', 1),
	(6158, '查询药品类别信息', '2019-05-05 19:41:30', '查询操作', 1),
	(6159, '查询药品类别信息', '2019-05-05 19:41:30', '查询操作', 1),
	(6160, '查询药品类别信息', '2019-05-05 19:41:30', '查询操作', 1),
	(6161, '查询药品类别信息', '2019-05-05 19:41:30', '查询操作', 1),
	(6162, '查询药品类别信息', '2019-05-05 19:41:30', '查询操作', 1),
	(6163, '查询药品类别信息', '2019-05-05 19:41:31', '查询操作', 1),
	(6164, '查询药品类别信息', '2019-05-05 19:41:31', '查询操作', 1),
	(6165, '查询药品类别信息', '2019-05-05 19:41:31', '查询操作', 1),
	(6166, '查询药品类别信息', '2019-05-05 19:41:31', '查询操作', 1),
	(6167, '查询药品类别信息', '2019-05-05 19:41:32', '查询操作', 1),
	(6168, '查询药品类别信息', '2019-05-05 19:41:32', '查询操作', 1),
	(6169, '查询药品类别信息', '2019-05-05 19:41:32', '查询操作', 1),
	(6170, '查询药品类别信息', '2019-05-05 19:41:32', '查询操作', 1),
	(6171, '查询药品类别信息', '2019-05-05 19:41:32', '查询操作', 1),
	(6172, '查询药品类别信息', '2019-05-05 19:41:32', '查询操作', 1),
	(6173, '查询药品类别信息', '2019-05-05 19:41:33', '查询操作', 1),
	(6174, '查询药品类别信息', '2019-05-05 19:41:33', '查询操作', 1),
	(6175, '查询药品类别信息', '2019-05-05 19:41:33', '查询操作', 1),
	(6176, '查询药品类别信息', '2019-05-05 19:41:33', '查询操作', 1),
	(6177, '查询药品类别信息', '2019-05-05 19:41:33', '查询操作', 1),
	(6178, '查询药品类别信息', '2019-05-05 19:41:33', '查询操作', 1),
	(6179, '查询药品类别信息', '2019-05-05 19:41:34', '查询操作', 1),
	(6180, '查询药品类别信息', '2019-05-05 19:41:34', '查询操作', 1),
	(6181, '查询药品类别信息', '2019-05-05 19:41:34', '查询操作', 1),
	(6182, '查询药品类别信息', '2019-05-05 19:41:34', '查询操作', 1),
	(6183, '查询药品类别信息', '2019-05-05 19:41:34', '查询操作', 1),
	(6184, '查询药品类别信息', '2019-05-05 19:41:34', '查询操作', 1),
	(6185, '查询药品类别信息', '2019-05-05 19:41:35', '查询操作', 1),
	(6186, '查询药品类别信息', '2019-05-05 19:41:35', '查询操作', 1),
	(6187, '查询药品类别信息', '2019-05-05 19:41:35', '查询操作', 1),
	(6188, '查询药品类别信息', '2019-05-05 19:41:35', '查询操作', 1),
	(6189, '查询药品类别信息', '2019-05-05 19:41:35', '查询操作', 1),
	(6190, '查询药品类别信息', '2019-05-05 19:41:35', '查询操作', 1),
	(6191, '查询药品类别信息', '2019-05-05 19:41:36', '查询操作', 1),
	(6192, '查询药品类别信息', '2019-05-05 19:41:36', '查询操作', 1),
	(6193, '查询药品类别信息', '2019-05-05 19:41:36', '查询操作', 1),
	(6194, '查询药品类别信息', '2019-05-05 19:41:36', '查询操作', 1),
	(6195, '查询药品类别信息', '2019-05-05 19:41:37', '查询操作', 1),
	(6196, '查询药品类别信息', '2019-05-05 19:41:37', '查询操作', 1),
	(6197, '查询药品类别信息', '2019-05-05 19:41:37', '查询操作', 1),
	(6198, '查询药品类别信息', '2019-05-05 19:41:37', '查询操作', 1),
	(6199, '查询药品类别信息', '2019-05-05 19:41:38', '查询操作', 1),
	(6200, '查询药品类别信息', '2019-05-05 19:41:38', '查询操作', 1),
	(6201, '查询药品类别信息', '2019-05-05 19:41:38', '查询操作', 1),
	(6202, '查询药品类别信息', '2019-05-05 19:41:38', '查询操作', 1),
	(6203, '查询药品类别信息', '2019-05-05 19:41:38', '查询操作', 1),
	(6204, '查询药品类别信息', '2019-05-05 19:41:38', '查询操作', 1),
	(6205, '查询药品类别信息', '2019-05-05 19:41:39', '查询操作', 1),
	(6206, '查询药品类别信息', '2019-05-05 19:41:39', '查询操作', 1),
	(6207, '查询药品类别信息', '2019-05-05 19:41:39', '查询操作', 1),
	(6208, '查询药品类别信息', '2019-05-05 19:41:39', '查询操作', 1),
	(6209, '查询药品类别信息', '2019-05-05 19:41:39', '查询操作', 1),
	(6210, '查询药品类别信息', '2019-05-05 19:41:39', '查询操作', 1),
	(6211, '查询药品类别信息', '2019-05-05 19:41:40', '查询操作', 1),
	(6212, '查询药品类别信息', '2019-05-05 19:41:40', '查询操作', 1),
	(6213, '查询药品类别信息', '2019-05-05 19:41:40', '查询操作', 1),
	(6214, '查询药品类别信息', '2019-05-05 19:41:40', '查询操作', 1),
	(6215, '查询药品类别信息', '2019-05-05 19:41:41', '查询操作', 1),
	(6216, '查询药品类别信息', '2019-05-05 19:41:41', '查询操作', 1),
	(6217, '查询药品类别信息', '2019-05-05 19:41:41', '查询操作', 1),
	(6218, '查询药品类别信息', '2019-05-05 19:41:41', '查询操作', 1),
	(6219, '查询药品类别信息', '2019-05-05 19:41:42', '查询操作', 1),
	(6220, '查询药品类别信息', '2019-05-05 19:41:42', '查询操作', 1),
	(6221, '查询药品类别信息', '2019-05-05 19:41:42', '查询操作', 1),
	(6222, '查询药品类别信息', '2019-05-05 19:41:42', '查询操作', 1),
	(6223, '查询药品类别信息', '2019-05-05 19:41:42', '查询操作', 1),
	(6224, '查询药品类别信息', '2019-05-05 19:41:42', '查询操作', 1),
	(6225, '查询药品类别信息', '2019-05-05 19:41:43', '查询操作', 1),
	(6226, '查询药品类别信息', '2019-05-05 19:41:43', '查询操作', 1),
	(6227, '查询药品类别信息', '2019-05-05 19:41:43', '查询操作', 1),
	(6228, '查询药品类别信息', '2019-05-05 19:41:43', '查询操作', 1),
	(6229, '查询药品类别信息', '2019-05-05 19:41:44', '查询操作', 1),
	(6230, '查询药品类别信息', '2019-05-05 19:41:44', '查询操作', 1),
	(6231, '查询药品类别信息', '2019-05-05 19:41:44', '查询操作', 1),
	(6232, '查询药品类别信息', '2019-05-05 19:41:44', '查询操作', 1),
	(6233, '查询药品类别信息', '2019-05-05 19:41:44', '查询操作', 1),
	(6234, '查询药品类别信息', '2019-05-05 19:41:44', '查询操作', 1),
	(6235, '查询药品类别信息', '2019-05-05 19:41:45', '查询操作', 1),
	(6236, '查询药品类别信息', '2019-05-05 19:41:45', '查询操作', 1),
	(6237, '查询药品类别信息', '2019-05-05 19:41:45', '查询操作', 1),
	(6238, '查询药品类别信息', '2019-05-05 19:41:45', '查询操作', 1),
	(6239, '查询药品类别信息', '2019-05-05 19:41:46', '查询操作', 1),
	(6240, '查询药品类别信息', '2019-05-05 19:41:46', '查询操作', 1),
	(6241, '查询药品类别信息', '2019-05-05 19:41:46', '查询操作', 1),
	(6242, '查询药品类别信息', '2019-05-05 19:41:46', '查询操作', 1),
	(6243, '查询药品类别信息', '2019-05-05 19:41:47', '查询操作', 1),
	(6244, '查询药品类别信息', '2019-05-05 19:41:47', '查询操作', 1),
	(6245, '查询药品类别信息', '2019-05-05 19:41:47', '查询操作', 1),
	(6246, '查询药品类别信息', '2019-05-05 19:41:47', '查询操作', 1),
	(6247, '查询药品类别信息', '2019-05-05 19:41:47', '查询操作', 1),
	(6248, '查询药品类别信息', '2019-05-05 19:41:47', '查询操作', 1),
	(6249, '查询药品类别信息', '2019-05-05 19:41:48', '查询操作', 1),
	(6250, '查询药品类别信息', '2019-05-05 19:41:48', '查询操作', 1),
	(6251, '查询药品类别信息', '2019-05-05 19:41:48', '查询操作', 1),
	(6252, '查询药品类别信息', '2019-05-05 19:41:48', '查询操作', 1),
	(6253, '查询药品类别信息', '2019-05-05 19:41:49', '查询操作', 1),
	(6254, '查询药品类别信息', '2019-05-05 19:41:49', '查询操作', 1),
	(6255, '查询药品类别信息', '2019-05-05 19:41:49', '查询操作', 1),
	(6256, '查询药品类别信息', '2019-05-05 19:41:49', '查询操作', 1),
	(6257, '查询药品类别信息', '2019-05-05 19:41:50', '查询操作', 1),
	(6258, '查询药品类别信息', '2019-05-05 19:41:50', '查询操作', 1),
	(6259, '查询药品类别信息', '2019-05-05 19:41:50', '查询操作', 1),
	(6260, '查询药品类别信息', '2019-05-05 19:41:50', '查询操作', 1),
	(6261, '查询药品类别信息', '2019-05-05 19:41:51', '查询操作', 1),
	(6262, '查询药品类别信息', '2019-05-05 19:41:51', '查询操作', 1),
	(6263, '查询药品类别信息', '2019-05-05 19:41:51', '查询操作', 1),
	(6264, '查询药品类别信息', '2019-05-05 19:41:51', '查询操作', 1),
	(6265, '查询药品类别信息', '2019-05-05 19:41:52', '查询操作', 1),
	(6266, '查询药品类别信息', '2019-05-05 19:41:52', '查询操作', 1),
	(6267, '查询药品类别信息', '2019-05-05 19:41:52', '查询操作', 1),
	(6268, '查询药品类别信息', '2019-05-05 19:41:52', '查询操作', 1),
	(6269, '查询药品类别信息', '2019-05-05 19:41:53', '查询操作', 1),
	(6270, '查询药品类别信息', '2019-05-05 19:41:53', '查询操作', 1),
	(6271, '查询药品类别信息', '2019-05-05 19:41:53', '查询操作', 1),
	(6272, '查询药品类别信息', '2019-05-05 19:41:53', '查询操作', 1),
	(6273, '查询药品类别信息', '2019-05-05 19:41:53', '查询操作', 1),
	(6274, '查询药品类别信息', '2019-05-05 19:41:53', '查询操作', 1),
	(6275, '查询药品类别信息', '2019-05-05 19:41:54', '查询操作', 1),
	(6276, '查询药品类别信息', '2019-05-05 19:41:54', '查询操作', 1),
	(6277, '查询药品类别信息', '2019-05-05 19:41:55', '查询操作', 1),
	(6278, '查询药品类别信息', '2019-05-05 19:41:55', '查询操作', 1),
	(6279, '查询药品类别信息', '2019-05-05 19:41:55', '查询操作', 1),
	(6280, '查询药品类别信息', '2019-05-05 19:41:55', '查询操作', 1),
	(6281, '查询药品类别信息', '2019-05-05 19:41:56', '查询操作', 1),
	(6282, '查询药品类别信息', '2019-05-05 19:41:56', '查询操作', 1),
	(6283, '查询药品类别信息', '2019-05-05 19:41:56', '查询操作', 1),
	(6284, '查询药品类别信息', '2019-05-05 19:41:56', '查询操作', 1),
	(6285, '查询药品类别信息', '2019-05-05 19:41:57', '查询操作', 1),
	(6286, '查询药品类别信息', '2019-05-05 19:41:57', '查询操作', 1),
	(6287, '查询药品类别信息', '2019-05-05 19:41:57', '查询操作', 1),
	(6288, '查询药品类别信息', '2019-05-05 19:41:57', '查询操作', 1),
	(6289, '查询药品类别信息', '2019-05-05 19:41:57', '查询操作', 1),
	(6290, '查询药品类别信息', '2019-05-05 19:41:57', '查询操作', 1),
	(6291, '查询药品类别信息', '2019-05-05 19:41:59', '查询操作', 1),
	(6292, '查询药品类别信息', '2019-05-05 19:41:59', '查询操作', 1),
	(6293, '查询药品类别信息', '2019-05-05 19:42:00', '查询操作', 1),
	(6294, '查询药品类别信息', '2019-05-05 19:42:00', '查询操作', 1),
	(6295, '查询药品类别信息', '2019-05-05 19:42:01', '查询操作', 1),
	(6296, '查询药品类别信息', '2019-05-05 19:42:01', '查询操作', 1),
	(6297, '查询药品类别信息', '2019-05-05 19:42:01', '查询操作', 1),
	(6298, '查询药品类别信息', '2019-05-05 19:42:01', '查询操作', 1),
	(6299, '查询药品类别信息', '2019-05-05 19:42:02', '查询操作', 1),
	(6300, '查询药品类别信息', '2019-05-05 19:42:02', '查询操作', 1),
	(6301, '查询药品类别信息', '2019-05-05 19:42:02', '查询操作', 1),
	(6302, '查询药品类别信息', '2019-05-05 19:42:02', '查询操作', 1),
	(6303, '查询药品类别信息', '2019-05-05 19:42:03', '查询操作', 1),
	(6304, '查询药品类别信息', '2019-05-05 19:42:03', '查询操作', 1),
	(6305, '查询药品类别信息', '2019-05-05 19:42:03', '查询操作', 1),
	(6306, '查询药品类别信息', '2019-05-05 19:42:03', '查询操作', 1),
	(6307, '查询药品类别信息', '2019-05-05 19:42:04', '查询操作', 1),
	(6308, '查询药品类别信息', '2019-05-05 19:42:04', '查询操作', 1),
	(6309, '查询药品类别信息', '2019-05-05 19:42:04', '查询操作', 1),
	(6310, '查询药品类别信息', '2019-05-05 19:42:04', '查询操作', 1),
	(6311, '查询药品类别信息', '2019-05-05 19:42:05', '查询操作', 1),
	(6312, '查询药品类别信息', '2019-05-05 19:42:05', '查询操作', 1),
	(6313, '查询药品类别信息', '2019-05-05 19:42:05', '查询操作', 1),
	(6314, '查询药品类别信息', '2019-05-05 19:42:05', '查询操作', 1),
	(6315, '查询药品类别信息', '2019-05-05 19:42:07', '查询操作', 1),
	(6316, '查询药品类别信息', '2019-05-05 19:42:07', '查询操作', 1),
	(6317, '查询药品类别信息', '2019-05-05 19:42:07', '查询操作', 1),
	(6318, '查询药品类别信息', '2019-05-05 19:42:07', '查询操作', 1),
	(6319, '查询药品类别信息', '2019-05-05 19:42:08', '查询操作', 1),
	(6320, '查询药品类别信息', '2019-05-05 19:42:08', '查询操作', 1),
	(6321, '查询药品类别信息', '2019-05-05 19:42:08', '查询操作', 1),
	(6322, '查询药品类别信息', '2019-05-05 19:42:08', '查询操作', 1),
	(6323, '查询药品类别信息', '2019-05-05 19:42:09', '查询操作', 1),
	(6324, '查询药品类别信息', '2019-05-05 19:42:09', '查询操作', 1),
	(6325, '查询药品类别信息', '2019-05-05 19:42:10', '查询操作', 1),
	(6326, '查询药品类别信息', '2019-05-05 19:42:10', '查询操作', 1),
	(6327, '查询药品类别信息', '2019-05-05 19:42:10', '查询操作', 1),
	(6328, '查询药品类别信息', '2019-05-05 19:42:10', '查询操作', 1),
	(6329, '查询药品类别信息', '2019-05-05 19:42:11', '查询操作', 1),
	(6330, '查询药品类别信息', '2019-05-05 19:42:11', '查询操作', 1),
	(6331, '查询药品类别信息', '2019-05-05 19:42:11', '查询操作', 1),
	(6332, '查询药品类别信息', '2019-05-05 19:42:11', '查询操作', 1),
	(6333, '查询药品类别信息', '2019-05-05 19:42:12', '查询操作', 1),
	(6334, '查询药品类别信息', '2019-05-05 19:42:12', '查询操作', 1),
	(6335, '查询药品类别信息', '2019-05-05 19:42:13', '查询操作', 1),
	(6336, '查询药品类别信息', '2019-05-05 19:42:13', '查询操作', 1),
	(6337, '查询药品类别信息', '2019-05-05 19:42:13', '查询操作', 1),
	(6338, '查询药品类别信息', '2019-05-05 19:42:13', '查询操作', 1),
	(6339, '查询药品类别信息', '2019-05-05 19:42:14', '查询操作', 1),
	(6340, '查询药品类别信息', '2019-05-05 19:42:14', '查询操作', 1),
	(6341, '查询药品类别信息', '2019-05-05 19:42:14', '查询操作', 1),
	(6342, '查询药品类别信息', '2019-05-05 19:42:14', '查询操作', 1),
	(6343, '查询药品类别信息', '2019-05-05 19:42:15', '查询操作', 1),
	(6344, '查询药品类别信息', '2019-05-05 19:42:15', '查询操作', 1),
	(6345, '查询药品类别信息', '2019-05-05 19:42:15', '查询操作', 1),
	(6346, '查询药品类别信息', '2019-05-05 19:42:15', '查询操作', 1),
	(6347, '查询药品类别信息', '2019-05-05 19:42:16', '查询操作', 1),
	(6348, '查询药品类别信息', '2019-05-05 19:42:16', '查询操作', 1),
	(6349, '查询药品类别信息', '2019-05-05 19:42:17', '查询操作', 1),
	(6350, '查询药品类别信息', '2019-05-05 19:42:17', '查询操作', 1),
	(6351, '查询药品类别信息', '2019-05-05 19:42:17', '查询操作', 1),
	(6352, '查询药品类别信息', '2019-05-05 19:42:17', '查询操作', 1),
	(6353, '查询药品类别信息', '2019-05-05 19:42:18', '查询操作', 1),
	(6354, '查询药品类别信息', '2019-05-05 19:42:18', '查询操作', 1),
	(6355, '查询药品类别信息', '2019-05-05 19:42:19', '查询操作', 1),
	(6356, '查询药品类别信息', '2019-05-05 19:42:19', '查询操作', 1),
	(6357, '查询药品类别信息', '2019-05-05 19:42:19', '查询操作', 1),
	(6358, '查询药品类别信息', '2019-05-05 19:42:19', '查询操作', 1),
	(6359, '查询药品类别信息', '2019-05-05 19:42:20', '查询操作', 1),
	(6360, '查询药品类别信息', '2019-05-05 19:42:20', '查询操作', 1),
	(6361, '查询药品类别信息', '2019-05-05 19:42:20', '查询操作', 1),
	(6362, '查询药品类别信息', '2019-05-05 19:42:20', '查询操作', 1),
	(6363, '查询药品类别信息', '2019-05-05 19:42:21', '查询操作', 1),
	(6364, '查询药品类别信息', '2019-05-05 19:42:21', '查询操作', 1),
	(6365, '查询药品类别信息', '2019-05-05 19:42:22', '查询操作', 1),
	(6366, '查询药品类别信息', '2019-05-05 19:42:22', '查询操作', 1),
	(6367, '查询药品类别信息', '2019-05-05 19:42:22', '查询操作', 1),
	(6368, '查询药品类别信息', '2019-05-05 19:42:22', '查询操作', 1),
	(6369, '查询药品类别信息', '2019-05-05 19:42:23', '查询操作', 1),
	(6370, '查询药品类别信息', '2019-05-05 19:42:23', '查询操作', 1),
	(6371, '查询药品类别信息', '2019-05-05 19:42:24', '查询操作', 1),
	(6372, '查询药品类别信息', '2019-05-05 19:42:24', '查询操作', 1),
	(6373, '查询药品类别信息', '2019-05-05 19:42:24', '查询操作', 1),
	(6374, '查询药品类别信息', '2019-05-05 19:42:24', '查询操作', 1),
	(6375, '查询药品类别信息', '2019-05-05 19:42:25', '查询操作', 1),
	(6376, '查询药品类别信息', '2019-05-05 19:42:25', '查询操作', 1),
	(6377, '查询药品类别信息', '2019-05-05 19:42:26', '查询操作', 1),
	(6378, '查询药品类别信息', '2019-05-05 19:42:26', '查询操作', 1),
	(6379, '查询药品类别信息', '2019-05-05 19:42:26', '查询操作', 1),
	(6380, '查询药品类别信息', '2019-05-05 19:42:26', '查询操作', 1),
	(6381, '查询药品类别信息', '2019-05-05 19:42:27', '查询操作', 1),
	(6382, '查询药品类别信息', '2019-05-05 19:42:27', '查询操作', 1),
	(6383, '查询药品类别信息', '2019-05-05 19:42:28', '查询操作', 1),
	(6384, '查询药品类别信息', '2019-05-05 19:42:28', '查询操作', 1),
	(6385, '查询药品类别信息', '2019-05-05 19:42:28', '查询操作', 1),
	(6386, '查询药品类别信息', '2019-05-05 19:42:28', '查询操作', 1),
	(6387, '查询药品类别信息', '2019-05-05 19:42:29', '查询操作', 1),
	(6388, '查询药品类别信息', '2019-05-05 19:42:29', '查询操作', 1),
	(6389, '查询药品类别信息', '2019-05-05 19:42:30', '查询操作', 1),
	(6390, '查询药品类别信息', '2019-05-05 19:42:30', '查询操作', 1),
	(6391, '查询药品类别信息', '2019-05-05 19:42:30', '查询操作', 1),
	(6392, '查询药品类别信息', '2019-05-05 19:42:30', '查询操作', 1),
	(6393, '查询药品类别信息', '2019-05-05 19:42:31', '查询操作', 1),
	(6394, '查询药品类别信息', '2019-05-05 19:42:31', '查询操作', 1),
	(6395, '查询药品类别信息', '2019-05-05 19:42:32', '查询操作', 1),
	(6396, '查询药品类别信息', '2019-05-05 19:42:32', '查询操作', 1),
	(6397, '查询药品类别信息', '2019-05-05 19:42:33', '查询操作', 1),
	(6398, '查询药品类别信息', '2019-05-05 19:42:33', '查询操作', 1),
	(6399, '查询药品类别信息', '2019-05-05 19:42:33', '查询操作', 1),
	(6400, '查询药品类别信息', '2019-05-05 19:42:33', '查询操作', 1),
	(6401, '查询药品类别信息', '2019-05-05 19:42:34', '查询操作', 1),
	(6402, '查询药品类别信息', '2019-05-05 19:42:34', '查询操作', 1),
	(6403, '查询药品类别信息', '2019-05-05 19:42:35', '查询操作', 1),
	(6404, '查询药品类别信息', '2019-05-05 19:42:35', '查询操作', 1),
	(6405, '查询药品类别信息', '2019-05-05 19:42:35', '查询操作', 1),
	(6406, '查询药品类别信息', '2019-05-05 19:42:35', '查询操作', 1),
	(6407, '查询药品类别信息', '2019-05-05 19:42:36', '查询操作', 1),
	(6408, '查询药品类别信息', '2019-05-05 19:42:36', '查询操作', 1),
	(6409, '查询药品类别信息', '2019-05-05 19:42:37', '查询操作', 1),
	(6410, '查询药品类别信息', '2019-05-05 19:42:37', '查询操作', 1),
	(6411, '查询药品类别信息', '2019-05-05 19:42:38', '查询操作', 1),
	(6412, '查询药品类别信息', '2019-05-05 19:42:38', '查询操作', 1),
	(6413, '查询药品类别信息', '2019-05-05 19:42:38', '查询操作', 1),
	(6414, '查询药品类别信息', '2019-05-05 19:42:38', '查询操作', 1),
	(6415, '查询药品类别信息', '2019-05-05 19:42:39', '查询操作', 1),
	(6416, '查询药品类别信息', '2019-05-05 19:42:39', '查询操作', 1),
	(6417, '查询药品类别信息', '2019-05-05 19:42:40', '查询操作', 1),
	(6418, '查询药品类别信息', '2019-05-05 19:42:40', '查询操作', 1),
	(6419, '查询药品类别信息', '2019-05-05 19:42:40', '查询操作', 1),
	(6420, '查询药品类别信息', '2019-05-05 19:42:40', '查询操作', 1),
	(6421, '查询药品类别信息', '2019-05-05 19:42:41', '查询操作', 1),
	(6422, '查询药品类别信息', '2019-05-05 19:42:41', '查询操作', 1),
	(6423, '查询药品类别信息', '2019-05-05 19:42:42', '查询操作', 1),
	(6424, '查询药品类别信息', '2019-05-05 19:42:42', '查询操作', 1),
	(6425, '查询药品类别信息', '2019-05-05 19:42:43', '查询操作', 1),
	(6426, '查询药品类别信息', '2019-05-05 19:42:43', '查询操作', 1),
	(6427, '查询药品类别信息', '2019-05-05 19:42:43', '查询操作', 1),
	(6428, '查询药品类别信息', '2019-05-05 19:42:43', '查询操作', 1),
	(6429, '查询药品类别信息', '2019-05-05 19:42:44', '查询操作', 1),
	(6430, '查询药品类别信息', '2019-05-05 19:42:44', '查询操作', 1),
	(6431, '查询药品类别信息', '2019-05-05 19:42:45', '查询操作', 1),
	(6432, '查询药品类别信息', '2019-05-05 19:42:45', '查询操作', 1),
	(6433, '查询药品类别信息', '2019-05-05 19:42:46', '查询操作', 1),
	(6434, '查询药品类别信息', '2019-05-05 19:42:46', '查询操作', 1),
	(6435, '查询药品类别信息', '2019-05-05 19:42:46', '查询操作', 1),
	(6436, '查询药品类别信息', '2019-05-05 19:42:46', '查询操作', 1),
	(6437, '查询药品类别信息', '2019-05-05 19:42:47', '查询操作', 1),
	(6438, '查询药品类别信息', '2019-05-05 19:42:47', '查询操作', 1),
	(6439, '查询药品类别信息', '2019-05-05 19:42:48', '查询操作', 1),
	(6440, '查询药品类别信息', '2019-05-05 19:42:48', '查询操作', 1),
	(6441, '查询药品类别信息', '2019-05-05 19:42:49', '查询操作', 1),
	(6442, '查询药品类别信息', '2019-05-05 19:42:49', '查询操作', 1),
	(6443, '查询药品类别信息', '2019-05-05 19:42:49', '查询操作', 1),
	(6444, '查询药品类别信息', '2019-05-05 19:42:49', '查询操作', 1),
	(6445, '查询药品类别信息', '2019-05-05 19:42:50', '查询操作', 1),
	(6446, '查询药品类别信息', '2019-05-05 19:42:50', '查询操作', 1),
	(6447, '查询药品类别信息', '2019-05-05 19:42:51', '查询操作', 1),
	(6448, '查询药品类别信息', '2019-05-05 19:42:51', '查询操作', 1),
	(6449, '查询药品类别信息', '2019-05-05 19:42:52', '查询操作', 1),
	(6450, '查询药品类别信息', '2019-05-05 19:42:52', '查询操作', 1),
	(6451, '查询药品类别信息', '2019-05-05 19:42:52', '查询操作', 1),
	(6452, '查询药品类别信息', '2019-05-05 19:42:52', '查询操作', 1),
	(6453, '查询药品类别信息', '2019-05-05 19:42:53', '查询操作', 1),
	(6454, '查询药品类别信息', '2019-05-05 19:42:53', '查询操作', 1),
	(6455, '查询药品类别信息', '2019-05-05 19:42:54', '查询操作', 1),
	(6456, '查询药品类别信息', '2019-05-05 19:42:54', '查询操作', 1),
	(6457, '查询药品类别信息', '2019-05-05 19:42:55', '查询操作', 1),
	(6458, '查询药品类别信息', '2019-05-05 19:42:55', '查询操作', 1),
	(6459, '查询药品类别信息', '2019-05-05 19:42:56', '查询操作', 1),
	(6460, '查询药品类别信息', '2019-05-05 19:42:56', '查询操作', 1),
	(6461, '查询药品类别信息', '2019-05-05 19:42:57', '查询操作', 1),
	(6462, '查询药品类别信息', '2019-05-05 19:42:57', '查询操作', 1),
	(6463, '查询药品类别信息', '2019-05-05 19:42:57', '查询操作', 1),
	(6464, '查询药品类别信息', '2019-05-05 19:42:57', '查询操作', 1),
	(6465, '查询药品类别信息', '2019-05-05 19:42:58', '查询操作', 1),
	(6466, '查询药品类别信息', '2019-05-05 19:42:58', '查询操作', 1),
	(6467, '查询药品类别信息', '2019-05-05 19:42:59', '查询操作', 1),
	(6468, '查询药品类别信息', '2019-05-05 19:42:59', '查询操作', 1),
	(6469, '查询药品类别信息', '2019-05-05 19:43:00', '查询操作', 1),
	(6470, '查询药品类别信息', '2019-05-05 19:43:00', '查询操作', 1),
	(6471, '查询药品类别信息', '2019-05-05 19:43:01', '查询操作', 1),
	(6472, '查询药品类别信息', '2019-05-05 19:43:01', '查询操作', 1),
	(6473, '查询药品类别信息', '2019-05-05 19:43:02', '查询操作', 1),
	(6474, '查询药品类别信息', '2019-05-05 19:43:02', '查询操作', 1),
	(6475, '查询药品类别信息', '2019-05-05 19:43:02', '查询操作', 1),
	(6476, '查询药品类别信息', '2019-05-05 19:43:02', '查询操作', 1),
	(6477, '查询药品类别信息', '2019-05-05 19:43:03', '查询操作', 1),
	(6478, '查询药品类别信息', '2019-05-05 19:43:03', '查询操作', 1),
	(6479, '查询药品类别信息', '2019-05-05 19:43:04', '查询操作', 1),
	(6480, '查询药品类别信息', '2019-05-05 19:43:04', '查询操作', 1),
	(6481, '查询药品类别信息', '2019-05-05 19:43:05', '查询操作', 1),
	(6482, '查询药品类别信息', '2019-05-05 19:43:05', '查询操作', 1),
	(6483, '查询药品类别信息', '2019-05-05 19:43:06', '查询操作', 1),
	(6484, '查询药品类别信息', '2019-05-05 19:43:06', '查询操作', 1),
	(6485, '查询药品类别信息', '2019-05-05 19:43:07', '查询操作', 1),
	(6486, '查询药品类别信息', '2019-05-05 19:43:07', '查询操作', 1),
	(6487, '查询药品类别信息', '2019-05-05 19:43:07', '查询操作', 1),
	(6488, '查询药品类别信息', '2019-05-05 19:43:07', '查询操作', 1),
	(6489, '查询药品类别信息', '2019-05-05 19:43:08', '查询操作', 1),
	(6490, '查询药品类别信息', '2019-05-05 19:43:08', '查询操作', 1),
	(6491, '查询药品类别信息', '2019-05-05 19:43:09', '查询操作', 1),
	(6492, '查询药品类别信息', '2019-05-05 19:43:09', '查询操作', 1),
	(6493, '查询药品类别信息', '2019-05-05 19:43:10', '查询操作', 1),
	(6494, '查询药品类别信息', '2019-05-05 19:43:10', '查询操作', 1),
	(6495, '查询药品类别信息', '2019-05-05 19:43:11', '查询操作', 1),
	(6496, '查询药品类别信息', '2019-05-05 19:43:11', '查询操作', 1),
	(6497, '查询药品类别信息', '2019-05-05 19:43:12', '查询操作', 1),
	(6498, '查询药品类别信息', '2019-05-05 19:43:12', '查询操作', 1),
	(6499, '查询药品类别信息', '2019-05-05 19:43:13', '查询操作', 1),
	(6500, '查询药品类别信息', '2019-05-05 19:43:13', '查询操作', 1),
	(6501, '查询药品类别信息', '2019-05-05 19:43:13', '查询操作', 1),
	(6502, '查询药品类别信息', '2019-05-05 19:43:13', '查询操作', 1),
	(6503, '查询药品类别信息', '2019-05-05 19:43:14', '查询操作', 1),
	(6504, '查询药品类别信息', '2019-05-05 19:43:14', '查询操作', 1),
	(6505, '查询药品类别信息', '2019-05-05 19:43:15', '查询操作', 1),
	(6506, '查询药品类别信息', '2019-05-05 19:43:15', '查询操作', 1),
	(6507, '查询药品类别信息', '2019-05-05 19:43:16', '查询操作', 1),
	(6508, '查询药品类别信息', '2019-05-05 19:43:16', '查询操作', 1),
	(6509, '查询药品类别信息', '2019-05-05 19:43:17', '查询操作', 1),
	(6510, '查询药品类别信息', '2019-05-05 19:43:17', '查询操作', 1),
	(6511, '查询药品类别信息', '2019-05-05 19:43:18', '查询操作', 1),
	(6512, '查询药品类别信息', '2019-05-05 19:43:18', '查询操作', 1),
	(6513, '查询药品类别信息', '2019-05-05 19:43:19', '查询操作', 1),
	(6514, '查询药品类别信息', '2019-05-05 19:43:19', '查询操作', 1),
	(6515, '查询药品类别信息', '2019-05-05 19:43:19', '查询操作', 1),
	(6516, '查询药品类别信息', '2019-05-05 19:43:19', '查询操作', 1),
	(6517, '查询药品类别信息', '2019-05-05 19:43:20', '查询操作', 1),
	(6518, '查询药品类别信息', '2019-05-05 19:43:20', '查询操作', 1),
	(6519, '查询药品类别信息', '2019-05-05 19:43:21', '查询操作', 1),
	(6520, '查询药品类别信息', '2019-05-05 19:43:21', '查询操作', 1),
	(6521, '查询药品类别信息', '2019-05-05 19:43:22', '查询操作', 1),
	(6522, '查询药品类别信息', '2019-05-05 19:43:22', '查询操作', 1),
	(6523, '查询药品类别信息', '2019-05-05 19:43:23', '查询操作', 1),
	(6524, '查询药品类别信息', '2019-05-05 19:43:23', '查询操作', 1),
	(6525, '查询药品类别信息', '2019-05-05 19:43:24', '查询操作', 1),
	(6526, '查询药品类别信息', '2019-05-05 19:43:24', '查询操作', 1),
	(6527, '查询药品类别信息', '2019-05-05 19:43:25', '查询操作', 1),
	(6528, '查询药品类别信息', '2019-05-05 19:43:25', '查询操作', 1),
	(6529, '查询药品类别信息', '2019-05-05 19:43:26', '查询操作', 1),
	(6530, '查询药品类别信息', '2019-05-05 19:43:26', '查询操作', 1),
	(6531, '查询药品类别信息', '2019-05-05 19:43:26', '查询操作', 1),
	(6532, '查询药品类别信息', '2019-05-05 19:43:26', '查询操作', 1),
	(6533, '查询药品类别信息', '2019-05-05 19:43:27', '查询操作', 1),
	(6534, '查询药品类别信息', '2019-05-05 19:43:27', '查询操作', 1),
	(6535, '查询药品类别信息', '2019-05-05 19:43:28', '查询操作', 1),
	(6536, '查询药品类别信息', '2019-05-05 19:43:28', '查询操作', 1),
	(6537, '查询药品类别信息', '2019-05-05 19:43:29', '查询操作', 1),
	(6538, '查询药品类别信息', '2019-05-05 19:43:29', '查询操作', 1),
	(6539, '查询药品类别信息', '2019-05-05 19:43:31', '查询操作', 1),
	(6540, '查询药品类别信息', '2019-05-05 19:43:31', '查询操作', 1),
	(6541, '查询药品类别信息', '2019-05-05 19:43:32', '查询操作', 1),
	(6542, '查询药品类别信息', '2019-05-05 19:43:32', '查询操作', 1),
	(6543, '查询药品类别信息', '2019-05-05 19:43:33', '查询操作', 1),
	(6544, '查询药品类别信息', '2019-05-05 19:43:33', '查询操作', 1),
	(6545, '查询药品类别信息', '2019-05-05 19:43:34', '查询操作', 1),
	(6546, '查询药品类别信息', '2019-05-05 19:43:34', '查询操作', 1),
	(6547, '查询药品类别信息', '2019-05-05 19:43:35', '查询操作', 1),
	(6548, '查询药品类别信息', '2019-05-05 19:43:35', '查询操作', 1),
	(6549, '查询药品类别信息', '2019-05-05 19:43:36', '查询操作', 1),
	(6550, '查询药品类别信息', '2019-05-05 19:43:36', '查询操作', 1),
	(6551, '查询药品类别信息', '2019-05-05 19:43:37', '查询操作', 1),
	(6552, '查询药品类别信息', '2019-05-05 19:43:37', '查询操作', 1),
	(6553, '查询药品类别信息', '2019-05-05 19:43:38', '查询操作', 1),
	(6554, '查询药品类别信息', '2019-05-05 19:43:38', '查询操作', 1),
	(6555, '查询药品类别信息', '2019-05-05 19:43:39', '查询操作', 1),
	(6556, '查询药品类别信息', '2019-05-05 19:43:39', '查询操作', 1),
	(6557, '查询药品类别信息', '2019-05-05 19:43:40', '查询操作', 1),
	(6558, '查询药品类别信息', '2019-05-05 19:43:40', '查询操作', 1),
	(6559, '查询药品类别信息', '2019-05-05 19:43:41', '查询操作', 1),
	(6560, '查询药品类别信息', '2019-05-05 19:43:41', '查询操作', 1),
	(6561, '查询药品类别信息', '2019-05-05 19:43:42', '查询操作', 1),
	(6562, '查询药品类别信息', '2019-05-05 19:43:42', '查询操作', 1),
	(6563, '查询药品类别信息', '2019-05-05 19:43:42', '查询操作', 1),
	(6564, '查询药品类别信息', '2019-05-05 19:43:42', '查询操作', 1),
	(6565, '查询药品类别信息', '2019-05-05 19:43:43', '查询操作', 1),
	(6566, '查询药品类别信息', '2019-05-05 19:43:43', '查询操作', 1),
	(6567, '查询药品类别信息', '2019-05-05 19:43:44', '查询操作', 1),
	(6568, '查询药品类别信息', '2019-05-05 19:43:44', '查询操作', 1),
	(6569, '查询药品类别信息', '2019-05-05 19:43:45', '查询操作', 1),
	(6570, '查询药品类别信息', '2019-05-05 19:43:45', '查询操作', 1),
	(6571, '查询药品类别信息', '2019-05-05 19:43:46', '查询操作', 1),
	(6572, '查询药品类别信息', '2019-05-05 19:43:46', '查询操作', 1),
	(6573, '查询药品类别信息', '2019-05-05 19:43:47', '查询操作', 1),
	(6574, '查询药品类别信息', '2019-05-05 19:43:47', '查询操作', 1),
	(6575, '查询药品类别信息', '2019-05-05 19:43:48', '查询操作', 1),
	(6576, '查询药品类别信息', '2019-05-05 19:43:48', '查询操作', 1),
	(6577, '查询药品类别信息', '2019-05-05 19:43:49', '查询操作', 1),
	(6578, '查询药品类别信息', '2019-05-05 19:43:49', '查询操作', 1),
	(6579, '查询药品类别信息', '2019-05-05 19:43:50', '查询操作', 1),
	(6580, '查询药品类别信息', '2019-05-05 19:43:50', '查询操作', 1),
	(6581, '查询药品类别信息', '2019-05-05 19:43:52', '查询操作', 1),
	(6582, '查询药品类别信息', '2019-05-05 19:43:52', '查询操作', 1),
	(6583, '查询药品类别信息', '2019-05-05 19:43:52', '查询操作', 1),
	(6584, '查询药品类别信息', '2019-05-05 19:43:52', '查询操作', 1),
	(6585, '查询药品类别信息', '2019-05-05 19:43:53', '查询操作', 1),
	(6586, '查询药品类别信息', '2019-05-05 19:43:53', '查询操作', 1),
	(6587, '查询药品类别信息', '2019-05-05 19:43:54', '查询操作', 1),
	(6588, '查询药品类别信息', '2019-05-05 19:43:54', '查询操作', 1),
	(6589, '查询药品类别信息', '2019-05-05 19:43:55', '查询操作', 1),
	(6590, '查询药品类别信息', '2019-05-05 19:43:55', '查询操作', 1),
	(6591, '查询药品类别信息', '2019-05-05 19:43:56', '查询操作', 1),
	(6592, '查询药品类别信息', '2019-05-05 19:43:56', '查询操作', 1),
	(6593, '查询药品类别信息', '2019-05-05 19:43:58', '查询操作', 1),
	(6594, '查询药品类别信息', '2019-05-05 19:43:58', '查询操作', 1),
	(6595, '查询药品类别信息', '2019-05-05 19:43:59', '查询操作', 1),
	(6596, '查询药品类别信息', '2019-05-05 19:43:59', '查询操作', 1),
	(6597, '查询药品类别信息', '2019-05-05 19:44:00', '查询操作', 1),
	(6598, '查询药品类别信息', '2019-05-05 19:44:00', '查询操作', 1),
	(6599, '查询药品类别信息', '2019-05-05 19:44:01', '查询操作', 1),
	(6600, '查询药品类别信息', '2019-05-05 19:44:01', '查询操作', 1),
	(6601, '查询药品类别信息', '2019-05-05 19:44:01', '查询操作', 1),
	(6602, '查询药品类别信息', '2019-05-05 19:44:01', '查询操作', 1),
	(6603, '查询药品类别信息', '2019-05-05 19:44:02', '查询操作', 1),
	(6604, '查询药品类别信息', '2019-05-05 19:44:02', '查询操作', 1),
	(6605, '查询药品类别信息', '2019-05-05 19:44:04', '查询操作', 1),
	(6606, '查询药品类别信息', '2019-05-05 19:44:04', '查询操作', 1),
	(6607, '查询药品类别信息', '2019-05-05 19:44:05', '查询操作', 1),
	(6608, '查询药品类别信息', '2019-05-05 19:44:05', '查询操作', 1),
	(6609, '查询药品类别信息', '2019-05-05 19:44:06', '查询操作', 1),
	(6610, '查询药品类别信息', '2019-05-05 19:44:06', '查询操作', 1),
	(6611, '查询药品类别信息', '2019-05-05 19:44:07', '查询操作', 1),
	(6612, '查询药品类别信息', '2019-05-05 19:44:07', '查询操作', 1),
	(6613, '查询药品类别信息', '2019-05-05 19:44:08', '查询操作', 1),
	(6614, '查询药品类别信息', '2019-05-05 19:44:08', '查询操作', 1),
	(6615, '查询药品类别信息', '2019-05-05 19:44:09', '查询操作', 1),
	(6616, '查询药品类别信息', '2019-05-05 19:44:09', '查询操作', 1),
	(6617, '查询药品类别信息', '2019-05-05 19:44:10', '查询操作', 1),
	(6618, '查询药品类别信息', '2019-05-05 19:44:10', '查询操作', 1),
	(6619, '查询药品类别信息', '2019-05-05 19:44:11', '查询操作', 1),
	(6620, '查询药品类别信息', '2019-05-05 19:44:11', '查询操作', 1),
	(6621, '查询药品类别信息', '2019-05-05 19:44:12', '查询操作', 1),
	(6622, '查询药品类别信息', '2019-05-05 19:44:12', '查询操作', 1),
	(6623, '查询药品类别信息', '2019-05-05 19:44:13', '查询操作', 1),
	(6624, '查询药品类别信息', '2019-05-05 19:44:13', '查询操作', 1),
	(6625, '查询药品类别信息', '2019-05-05 19:44:14', '查询操作', 1),
	(6626, '查询药品类别信息', '2019-05-05 19:44:14', '查询操作', 1),
	(6627, '查询药品类别信息', '2019-05-05 19:44:16', '查询操作', 1),
	(6628, '查询药品类别信息', '2019-05-05 19:44:16', '查询操作', 1),
	(6629, '查询药品类别信息', '2019-05-05 19:44:17', '查询操作', 1),
	(6630, '查询药品类别信息', '2019-05-05 19:44:17', '查询操作', 1),
	(6631, '查询药品类别信息', '2019-05-05 19:44:18', '查询操作', 1),
	(6632, '查询药品类别信息', '2019-05-05 19:44:18', '查询操作', 1),
	(6633, '查询药品类别信息', '2019-05-05 19:44:19', '查询操作', 1),
	(6634, '查询药品类别信息', '2019-05-05 19:44:19', '查询操作', 1),
	(6635, '查询药品类别信息', '2019-05-05 19:44:20', '查询操作', 1),
	(6636, '查询药品类别信息', '2019-05-05 19:44:20', '查询操作', 1),
	(6637, '查询药品类别信息', '2019-05-05 19:44:21', '查询操作', 1),
	(6638, '查询药品类别信息', '2019-05-05 19:44:21', '查询操作', 1),
	(6639, '查询药品类别信息', '2019-05-05 19:44:22', '查询操作', 1),
	(6640, '查询药品类别信息', '2019-05-05 19:44:22', '查询操作', 1),
	(6641, '查询药品类别信息', '2019-05-05 19:44:23', '查询操作', 1),
	(6642, '查询药品类别信息', '2019-05-05 19:44:23', '查询操作', 1),
	(6643, '查询药品类别信息', '2019-05-05 19:44:24', '查询操作', 1),
	(6644, '查询药品类别信息', '2019-05-05 19:44:24', '查询操作', 1),
	(6645, '查询药品类别信息', '2019-05-05 19:44:26', '查询操作', 1),
	(6646, '查询药品类别信息', '2019-05-05 19:44:26', '查询操作', 1),
	(6647, '查询药品类别信息', '2019-05-05 19:44:27', '查询操作', 1),
	(6648, '查询药品类别信息', '2019-05-05 19:44:27', '查询操作', 1),
	(6649, '查询药品类别信息', '2019-05-05 19:44:28', '查询操作', 1),
	(6650, '查询药品类别信息', '2019-05-05 19:44:28', '查询操作', 1),
	(6651, '查询药品类别信息', '2019-05-05 19:44:29', '查询操作', 1),
	(6652, '查询药品类别信息', '2019-05-05 19:44:29', '查询操作', 1),
	(6653, '查询药品类别信息', '2019-05-05 19:44:30', '查询操作', 1),
	(6654, '查询药品类别信息', '2019-05-05 19:44:30', '查询操作', 1),
	(6655, '查询药品类别信息', '2019-05-05 19:44:31', '查询操作', 1),
	(6656, '查询药品类别信息', '2019-05-05 19:44:31', '查询操作', 1),
	(6657, '查询药品类别信息', '2019-05-05 19:44:33', '查询操作', 1),
	(6658, '查询药品类别信息', '2019-05-05 19:44:33', '查询操作', 1),
	(6659, '查询药品类别信息', '2019-05-05 19:44:34', '查询操作', 1),
	(6660, '查询药品类别信息', '2019-05-05 19:44:34', '查询操作', 1),
	(6661, '查询药品类别信息', '2019-05-05 19:44:35', '查询操作', 1),
	(6662, '查询药品类别信息', '2019-05-05 19:44:35', '查询操作', 1),
	(6663, '查询药品类别信息', '2019-05-05 19:44:36', '查询操作', 1),
	(6664, '查询药品类别信息', '2019-05-05 19:44:36', '查询操作', 1),
	(6665, '查询药品类别信息', '2019-05-05 19:44:40', '查询操作', 1),
	(6666, '查询药品类别信息', '2019-05-05 19:44:40', '查询操作', 1),
	(6667, '查询药品类别信息', '2019-05-05 19:44:42', '查询操作', 1),
	(6668, '查询药品类别信息', '2019-05-05 19:44:42', '查询操作', 1),
	(6669, '查询药品类别信息', '2019-05-05 19:44:43', '查询操作', 1),
	(6670, '查询药品类别信息', '2019-05-05 19:44:43', '查询操作', 1),
	(6671, '查询药品类别信息', '2019-05-05 19:44:44', '查询操作', 1),
	(6672, '查询药品类别信息', '2019-05-05 19:44:44', '查询操作', 1),
	(6673, '用户登录', '2019-05-05 19:45:01', '登录操作', 1),
	(6674, '查询药品库存信息', '2019-05-05 19:45:01', '查询操作', 1),
	(6675, '查询药品类别信息', '2019-05-05 19:45:05', '查询操作', 1),
	(6676, '查询药品信息', '2019-05-05 19:45:05', '查询操作', 1),
	(6677, '查询药品单位信息', '2019-05-05 19:45:05', '查询操作', 1),
	(6678, '查询药品信息', '2019-05-05 19:45:05', '查询操作', 1),
	(6679, '查询药品单位信息', '2019-05-05 19:45:05', '查询操作', 1),
	(6680, '查询药品信息', '2019-05-05 19:45:09', '查询操作', 1),
	(6681, '查询药品信息', '2019-05-05 19:45:10', '查询操作', 1),
	(6682, '查询药品信息', '2019-05-05 19:45:10', '查询操作', 1),
	(6683, '查询药品信息', '2019-05-05 19:45:12', '查询操作', 1),
	(6684, '查询药品信息', '2019-05-05 19:45:12', '查询操作', 1),
	(6685, '用户登录', '2019-05-05 19:45:52', '登录操作', 1),
	(6686, '查询药品库存信息', '2019-05-05 19:45:52', '查询操作', 1),
	(6687, '查询供应商信息', '2019-05-05 19:45:56', '查询操作', 1),
	(6688, '查询供应商信息', '2019-05-05 19:45:56', '查询操作', 1),
	(6689, '更新药品信息[id=1, code=0001, name=维力青 恩替卡韦分散片, model=一盒四板, unit=盒, purchasingPrice=12.0, sellingPrice=20.0, inventoryQuantity=0, minNum=800, producer=梅花桩中医药有限公司, remarks=好卖]', '2019-05-05 19:46:36', '更新操作', 1),
	(6690, '查询药品信息', '2019-05-05 19:46:36', '查询操作', 1),
	(6691, '更新药品信息[id=2, code=0002, name=恩甘定 恩替卡韦分散片, model=一盒四板, unit=盒, purchasingPrice=18.0, sellingPrice=25.0, inventoryQuantity=0, minNum=400, producer=梅花桩中医药有限公司, remarks=热销]', '2019-05-05 19:46:55', '更新操作', 1),
	(6692, '查询药品信息', '2019-05-05 19:46:55', '查询操作', 1),
	(6693, '查询药品信息', '2019-05-05 19:47:02', '查询操作', 1),
	(6694, '添加药品信息[id=null, code=0002, name=谱乐益 匹多莫德颗粒, model=一盒六板, unit=盒, purchasingPrice=40.0, sellingPrice=60.0, inventoryQuantity=0, minNum=200, producer=少林药品有限公司, remarks=]', '2019-05-05 19:49:58', '添加操作', 1),
	(6695, '查询药品信息', '2019-05-05 19:49:58', '查询操作', 1),
	(6696, '添加药品信息[id=null, code=0002, name=辛喜 鸦胆子油软胶囊, model=一盒两袋, unit=盒, purchasingPrice=90.0, sellingPrice=120.0, inventoryQuantity=0, minNum=100, producer=少林药品有限公司, remarks=]', '2019-05-05 19:51:20', '添加操作', 1),
	(6697, '查询药品信息', '2019-05-05 19:51:20', '查询操作', 1),
	(6698, '添加药品信息[id=null, code=0002, name=芙瑞 来曲唑片, model=一包一版 一版十粒, unit=包, purchasingPrice=80.0, sellingPrice=100.0, inventoryQuantity=0, minNum=100, producer=峨眉派医药品有限公司, remarks=]', '2019-05-05 19:54:01', '添加操作', 1),
	(6699, '查询药品信息', '2019-05-05 19:54:01', '查询操作', 1),
	(6700, '查询药品信息', '2019-05-05 19:54:09', '查询操作', 1),
	(6701, '添加药品信息[id=null, code=0002, name=理洫王 血塞通软胶囊, model=0.33g*120, unit=瓶, purchasingPrice=152.0, sellingPrice=188.0, inventoryQuantity=0, minNum=400, producer=峨眉派医药品有限公司, remarks=]', '2019-05-05 19:55:34', '添加操作', 1),
	(6702, '查询药品信息', '2019-05-05 19:55:35', '查询操作', 1),
	(6703, '添加药品信息[id=null, code=0002, name=开浦兰 左乙拉西坦片, model=一盒四板, unit=盒, purchasingPrice=218.0, sellingPrice=255.0, inventoryQuantity=0, minNum=200, producer=蜀山派国内药品生产公司, remarks=]', '2019-05-05 19:56:47', '添加操作', 1),
	(6704, '查询药品信息', '2019-05-05 19:56:48', '查询操作', 1),
	(6705, '添加药品信息[id=null, code=0002, name=曲莱 奥卡西平片, model=一盒四板, unit=盒, purchasingPrice=185.0, sellingPrice=212.0, inventoryQuantity=0, minNum=1000, producer=蜀山派国内药品生产公司, remarks=]', '2019-05-05 19:57:46', '添加操作', 1),
	(6706, '查询药品信息', '2019-05-05 19:57:46', '查询操作', 1),
	(6707, '添加药品信息[id=null, code=0002, name=同仁堂 安宫牛黄丸, model=一盒100粒, unit=盒, purchasingPrice=560.0, sellingPrice=680.0, inventoryQuantity=0, minNum=400, producer=蜀山派国内药品生产公司, remarks=]', '2019-05-05 19:58:34', '添加操作', 1),
	(6708, '查询药品信息', '2019-05-05 19:58:34', '查询操作', 1),
	(6709, '查询药品信息', '2019-05-05 19:58:36', '查询操作', 1),
	(6710, '查询药品信息', '2019-05-05 19:58:52', '查询操作', 1),
	(6711, '查询药品信息', '2019-05-05 19:58:52', '查询操作', 1),
	(6712, '查询药品信息', '2019-05-05 19:58:53', '查询操作', 1),
	(6713, '查询药品信息', '2019-05-05 19:58:54', '查询操作', 1),
	(6714, '查询药品信息', '2019-05-05 19:58:54', '查询操作', 1),
	(6715, '查询药品信息', '2019-05-05 19:58:55', '查询操作', 1),
	(6716, '查询药品信息', '2019-05-05 19:58:55', '查询操作', 1),
	(6717, '查询药品信息', '2019-05-05 19:58:56', '查询操作', 1),
	(6718, '查询药品信息', '2019-05-05 19:58:58', '查询操作', 1),
	(6719, '查询药品信息', '2019-05-05 19:58:59', '查询操作', 1),
	(6720, '查询药品信息', '2019-05-05 19:59:19', '查询操作', 1),
	(6721, '添加药品信息[id=null, code=0002, name=康弘 疏肝解郁胶囊, model=0.36g*28粒, unit=盒, purchasingPrice=55.0, sellingPrice=68.0, inventoryQuantity=0, minNum=1000, producer=蜀山派国内药品生产公司, remarks=]', '2019-05-05 20:00:09', '添加操作', 1),
	(6722, '查询药品信息', '2019-05-05 20:00:09', '查询操作', 1),
	(6723, '添加药品信息[id=null, code=0002, name=弥可保 甲钴胺片, model=一盒两板, unit=盒, purchasingPrice=28.0, sellingPrice=33.0, inventoryQuantity=0, minNum=600, producer=蜀山派国内药品生产公司, remarks=]', '2019-05-05 20:01:31', '添加操作', 1),
	(6724, '查询药品信息', '2019-05-05 20:01:31', '查询操作', 1),
	(6725, '添加药品信息[id=null, code=0002, name=思博海 盐酸多奈哌齐片, model=一盒四板, unit=盒, purchasingPrice=28.0, sellingPrice=37.0, inventoryQuantity=0, minNum=1000, producer=梅花桩中医药有限公司, remarks=]', '2019-05-05 20:02:10', '添加操作', 1),
	(6726, '查询药品信息', '2019-05-05 20:02:10', '查询操作', 1),
	(6727, '查询药品信息', '2019-05-05 20:02:12', '查询操作', 1),
	(6728, '查询药品信息', '2019-05-05 20:03:02', '查询操作', 1),
	(6729, '添加药品信息[id=null, code=0002, name=达菲 磷酸奥司他韦胶囊, model=一盒四板, unit=盒, purchasingPrice=222.0, sellingPrice=260.0, inventoryQuantity=0, minNum=2000, producer=梅花桩中医药有限公司, remarks=]', '2019-05-05 20:03:55', '添加操作', 1),
	(6730, '查询药品信息', '2019-05-05 20:03:55', '查询操作', 1),
	(6731, '添加药品信息[id=null, code=0002, name=天一堂 抗病毒滴丸, model=60mg*100丸, unit=盒, purchasingPrice=22.0, sellingPrice=33.0, inventoryQuantity=0, minNum=2000, producer=少林药品有限公司, remarks=]', '2019-05-05 20:04:41', '添加操作', 1),
	(6732, '查询药品信息', '2019-05-05 20:04:41', '查询操作', 1),
	(6733, '添加药品信息[id=null, code=0002, name=抗病毒口服液, model=10ml*10支, unit=盒, purchasingPrice=10.0, sellingPrice=13.0, inventoryQuantity=0, minNum=10000, producer=少林药品有限公司, remarks=]', '2019-05-05 20:05:28', '添加操作', 1),
	(6734, '查询药品信息', '2019-05-05 20:05:28', '查询操作', 1),
	(6735, '添加药品信息[id=null, code=0002, name=藿香正气口服液, model=10ml*10支, unit=盒, purchasingPrice=15.0, sellingPrice=20.0, inventoryQuantity=0, minNum=10000, producer=少林药品有限公司, remarks=]', '2019-05-05 20:05:58', '添加操作', 1),
	(6736, '查询药品信息', '2019-05-05 20:05:58', '查询操作', 1),
	(6737, '添加药品信息[id=null, code=0002, name=维C银翘片, model=12片, unit=盒, purchasingPrice=3.0, sellingPrice=6.0, inventoryQuantity=0, minNum=20000, producer=少林药品有限公司, remarks=]', '2019-05-05 20:06:35', '添加操作', 1),
	(6738, '查询药品信息', '2019-05-05 20:06:35', '查询操作', 1),
	(6739, '添加药品信息[id=null, code=0002, name=复方氨酚烷胺胶囊, model=一盒10粒, unit=盒, purchasingPrice=10.0, sellingPrice=15.0, inventoryQuantity=0, minNum=20000, producer=蜀山派国内药品生产公司, remarks=]', '2019-05-05 20:07:27', '添加操作', 1),
	(6740, '查询药品信息', '2019-05-05 20:07:27', '查询操作', 1),
	(6741, '查询药品信息', '2019-05-05 20:07:40', '查询操作', 1),
	(6742, '添加药品信息[id=null, code=0002, name=比拜克胶囊, model=0.36*14粒/盒, unit=盒, purchasingPrice=16.0, sellingPrice=19.0, inventoryQuantity=0, minNum=20000, producer=蜀山派国内药品生产公司, remarks=]', '2019-05-05 20:08:29', '添加操作', 1),
	(6743, '查询药品信息', '2019-05-05 20:08:29', '查询操作', 1),
	(6744, '添加药品信息[id=null, code=0002, name=牛黄上清丸, model=6g*10丸, unit=盒, purchasingPrice=10.0, sellingPrice=13.0, inventoryQuantity=0, minNum=20000, producer=蜀山派国内药品生产公司, remarks=]', '2019-05-05 20:09:53', '添加操作', 1),
	(6745, '查询药品信息', '2019-05-05 20:09:53', '查询操作', 1),
	(6746, '查询药品信息', '2019-05-05 20:09:56', '查询操作', 1),
	(6747, '查询药品信息', '2019-05-05 20:11:24', '查询操作', 1),
	(6748, '查询药品信息', '2019-05-05 20:11:45', '查询操作', 1),
	(6749, '查询药品信息', '2019-05-05 20:11:46', '查询操作', 1),
	(6750, '查询药品信息', '2019-05-05 20:11:46', '查询操作', 1),
	(6751, '查询药品信息', '2019-05-05 20:11:47', '查询操作', 1),
	(6752, '查询药品信息', '2019-05-05 20:11:47', '查询操作', 1),
	(6753, '查询药品信息', '2019-05-05 20:11:48', '查询操作', 1),
	(6754, '查询药品信息', '2019-05-05 20:11:48', '查询操作', 1),
	(6755, '查询药品信息', '2019-05-05 20:11:50', '查询操作', 1),
	(6756, '查询药品信息', '2019-05-05 20:11:52', '查询操作', 1),
	(6757, '查询药品信息', '2019-05-05 20:11:53', '查询操作', 1),
	(6758, '查询药品信息', '2019-05-05 20:11:54', '查询操作', 1),
	(6759, '查询药品信息', '2019-05-05 20:11:55', '查询操作', 1),
	(6760, '查询药品信息', '2019-05-05 20:11:55', '查询操作', 1),
	(6761, '查询药品信息', '2019-05-05 20:11:56', '查询操作', 1),
	(6762, '查询药品信息', '2019-05-05 20:11:56', '查询操作', 1),
	(6763, '查询药品信息', '2019-05-05 20:11:57', '查询操作', 1),
	(6764, '查询药品信息', '2019-05-05 20:11:57', '查询操作', 1),
	(6765, '查询药品信息', '2019-05-05 20:11:58', '查询操作', 1),
	(6766, '添加药品信息[id=null, code=0002, name=芦荟清莹祛痘天丝面膜, model=25g*5片, unit=盒, purchasingPrice=88.0, sellingPrice=122.0, inventoryQuantity=0, minNum=400, producer=峨眉派医药品有限公司, remarks=]', '2019-05-05 20:12:32', '添加操作', 1),
	(6767, '查询药品信息', '2019-05-05 20:12:32', '查询操作', 1),
	(6768, '查询药品信息', '2019-05-05 20:12:34', '查询操作', 1),
	(6769, '添加药品信息[id=null, code=0002, name=风油精, model=10ml/瓶, unit=瓶, purchasingPrice=5.0, sellingPrice=9.0, inventoryQuantity=0, minNum=20000, producer=少林, remarks=]', '2019-05-05 20:13:26', '添加操作', 1),
	(6770, '查询药品信息', '2019-05-05 20:13:26', '查询操作', 1),
	(6771, '添加药品信息[id=null, code=0002, name=云南白药创可贴, model=50片/盒, unit=瓶, purchasingPrice=10.0, sellingPrice=16.0, inventoryQuantity=0, minNum=20000, producer=少林药品有限公司, remarks=]', '2019-05-05 20:14:01', '添加操作', 1),
	(6772, '查询药品信息', '2019-05-05 20:14:01', '查询操作', 1),
	(6773, '查询药品信息', '2019-05-05 20:14:03', '查询操作', 1),
	(6774, '添加药品信息[id=null, code=0002, name=维生素C片, model=60g, unit=瓶, purchasingPrice=88.0, sellingPrice=128.0, inventoryQuantity=0, minNum=1000, producer=峨眉派医药品有限公司, remarks=]', '2019-05-05 20:15:02', '添加操作', 1),
	(6775, '查询药品信息', '2019-05-05 20:15:02', '查询操作', 1),
	(6776, '添加药品信息[id=null, code=0002, name=维生素C加天然维生素E咀嚼片, model=80g, unit=瓶, purchasingPrice=147.0, sellingPrice=200.0, inventoryQuantity=0, minNum=400, producer=峨眉派医药品有限公司, remarks=]', '2019-05-05 20:15:51', '添加操作', 1),
	(6777, '查询药品信息', '2019-05-05 20:15:51', '查询操作', 1),
	(6778, '查询药品信息', '2019-05-05 20:15:52', '查询操作', 1),
	(6779, '添加药品信息[id=null, code=0002, name=百合康牌苦瓜洋参软胶囊, model=500g装, unit=瓶, purchasingPrice=95.0, sellingPrice=122.0, inventoryQuantity=0, minNum=400, producer=梅花桩中医药有限公司, remarks=]', '2019-05-05 20:17:08', '添加操作', 1),
	(6780, '查询药品信息', '2019-05-05 20:17:08', '查询操作', 1),
	(6781, '添加药品信息[id=null, code=0002, name=氨糖软骨素钙片, model=一盒四板, unit=盒, purchasingPrice=375.0, sellingPrice=425.0, inventoryQuantity=0, minNum=1000, producer=梅花桩中医药有限公司, remarks=]', '2019-05-05 20:17:49', '添加操作', 1),
	(6782, '查询药品信息', '2019-05-05 20:17:49', '查询操作', 1),
	(6783, '添加药品信息[id=null, code=0002, name=蛋白粉, model=450g, unit=瓶, purchasingPrice=278.0, sellingPrice=322.0, inventoryQuantity=0, minNum=1000, producer=梅花桩中医药有限公司, remarks=]', '2019-05-05 20:18:20', '添加操作', 1),
	(6784, '查询药品信息', '2019-05-05 20:18:20', '查询操作', 1),
	(6785, '查询药品信息', '2019-05-05 20:18:21', '查询操作', 1),
	(6786, '添加药品信息[id=null, code=0002, name=百花蜂蜜, model=450g, unit=瓶, purchasingPrice=20.0, sellingPrice=25.0, inventoryQuantity=0, minNum=1000, producer=少林药品有限公司, remarks=]', '2019-05-05 20:19:27', '添加操作', 1),
	(6787, '查询药品信息', '2019-05-05 20:19:27', '查询操作', 1),
	(6788, '添加药品信息[id=null, code=0002, name=鳕鱼肝油软胶囊, model=0.5g*80粒, unit=瓶, purchasingPrice=60.0, sellingPrice=75.0, inventoryQuantity=0, minNum=1000, producer=少林药品有限公司, remarks=]', '2019-05-05 20:20:11', '添加操作', 1),
	(6789, '查询药品信息', '2019-05-05 20:20:11', '查询操作', 1),
	(6790, '查询药品信息', '2019-05-05 20:20:13', '查询操作', 1),
	(6791, '添加药品信息[id=null, code=0002, name=安全素全营养配方粉, model=900g*2, unit=箱, purchasingPrice=400.0, sellingPrice=440.0, inventoryQuantity=0, minNum=1000, producer=蜀山派国内药品生产公司, remarks=]', '2019-05-05 20:21:38', '添加操作', 1),
	(6792, '查询药品信息', '2019-05-05 20:21:38', '查询操作', 1),
	(6793, '添加药品信息[id=null, code=0002, name=氨基酸口服液, model=100ml, unit=盒, purchasingPrice=18.0, sellingPrice=25.0, inventoryQuantity=0, minNum=10000, producer=蜀山派国内药品生产公司, remarks=]', '2019-05-05 20:22:15', '添加操作', 1),
	(6794, '查询药品信息', '2019-05-05 20:22:15', '查询操作', 1),
	(6795, '查询药品信息', '2019-05-05 20:22:16', '查询操作', 1),
	(6796, '添加药品信息[id=null, code=0002, name=阿胶, model=500g装, unit=盒, purchasingPrice=2499.0, sellingPrice=2999.0, inventoryQuantity=0, minNum=10000, producer=梅花桩中医药有限公司, remarks=]', '2019-05-05 20:22:49', '添加操作', 1),
	(6797, '查询药品信息', '2019-05-05 20:22:49', '查询操作', 1),
	(6798, '添加药品信息[id=null, code=0002, name=多种维生素矿物质片, model=500g装, unit=瓶, purchasingPrice=116.0, sellingPrice=156.0, inventoryQuantity=0, minNum=1000, producer=梅花桩中医药有限公司, remarks=]', '2019-05-05 20:23:26', '添加操作', 1),
	(6799, '查询药品信息', '2019-05-05 20:23:26', '查询操作', 1),
	(6800, '添加药品信息[id=null, code=0002, name=冰糖燕窝饮品（金装）, model=70ml*6瓶, unit=盒, purchasingPrice=248.0, sellingPrice=299.0, inventoryQuantity=0, minNum=1000, producer=梅花桩中医药有限公司, remarks=]', '2019-05-05 20:24:45', '添加操作', 1),
	(6801, '查询药品信息', '2019-05-05 20:24:45', '查询操作', 1),
	(6802, '查询药品信息', '2019-05-05 20:24:47', '查询操作', 1),
	(6803, '添加药品信息[id=null, code=0002, name=麒麟丸, model=70ml*6瓶, unit=盒, purchasingPrice=546.0, sellingPrice=666.0, inventoryQuantity=0, minNum=1000, producer=梅花桩中医药有限公司, remarks=]', '2019-05-05 20:25:42', '添加操作', 1),
	(6804, '查询药品信息', '2019-05-05 20:25:42', '查询操作', 1),
	(6805, '添加药品信息[id=null, code=0002, name=六味地黄丸浓缩丸, model=360粒, unit=瓶, purchasingPrice=144.0, sellingPrice=188.0, inventoryQuantity=0, minNum=1000, producer=梅花桩中医药有限公司, remarks=]', '2019-05-05 20:26:13', '添加操作', 1),
	(6806, '查询药品信息', '2019-05-05 20:26:13', '查询操作', 1),
	(6807, '添加药品信息[id=null, code=0002, name=补肾益寿胶囊, model=0.3g*60粒, unit=瓶, purchasingPrice=267.0, sellingPrice=324.0, inventoryQuantity=0, minNum=1000, producer=梅花桩中医药有限公司, remarks=]', '2019-05-05 20:27:11', '添加操作', 1),
	(6808, '查询药品信息', '2019-05-05 20:27:11', '查询操作', 1),
	(6809, '查询药品信息', '2019-05-05 20:27:13', '查询操作', 1),
	(6810, '查询药品库存信息', '2019-05-05 20:28:18', '查询操作', 1),
	(6811, '查询药品类别信息', '2019-05-05 20:28:20', '查询操作', 1),
	(6812, '查询药品信息', '2019-05-05 20:28:20', '查询操作', 1),
	(6813, '查询药品单位信息', '2019-05-05 20:28:20', '查询操作', 1),
	(6814, '查询药品单位信息', '2019-05-05 20:28:20', '查询操作', 1),
	(6815, '查询药品信息', '2019-05-05 20:28:20', '查询操作', 1),
	(6816, '查询药品信息', '2019-05-05 20:28:21', '查询操作', 1),
	(6817, '查询药品信息', '2019-05-05 20:28:29', '查询操作', 1),
	(6818, '查询药品信息', '2019-05-05 20:28:31', '查询操作', 1),
	(6819, '查询药品信息', '2019-05-05 20:28:32', '查询操作', 1),
	(6820, '查询药品信息', '2019-05-05 20:28:32', '查询操作', 1),
	(6821, '查询药品信息', '2019-05-05 20:28:33', '查询操作', 1),
	(6822, '查询药品信息', '2019-05-05 20:28:34', '查询操作', 1),
	(6823, '查询药品信息', '2019-05-05 20:28:34', '查询操作', 1),
	(6824, '查询药品信息', '2019-05-05 20:28:35', '查询操作', 1),
	(6825, '查询药品信息', '2019-05-05 20:28:36', '查询操作', 1),
	(6826, '查询药品信息', '2019-05-05 20:28:36', '查询操作', 1),
	(6827, '查询药品信息', '2019-05-05 20:28:37', '查询操作', 1),
	(6828, '查询药品信息', '2019-05-05 20:28:37', '查询操作', 1),
	(6829, '查询药品信息', '2019-05-05 20:28:38', '查询操作', 1),
	(6830, '查询药品信息', '2019-05-05 20:28:38', '查询操作', 1),
	(6831, '查询药品信息', '2019-05-05 20:28:39', '查询操作', 1),
	(6832, '查询药品信息', '2019-05-05 20:28:39', '查询操作', 1),
	(6833, '查询药品信息', '2019-05-05 20:28:40', '查询操作', 1),
	(6834, '查询药品信息', '2019-05-05 20:28:40', '查询操作', 1),
	(6835, '查询药品信息', '2019-05-05 20:28:40', '查询操作', 1),
	(6836, '查询药品信息', '2019-05-05 20:31:24', '查询操作', 1),
	(6837, '查询药品信息', '2019-05-05 20:31:24', '查询操作', 1),
	(6838, '查询药品库存信息', '2019-05-05 20:31:41', '查询操作', 1),
	(6839, '查询药品类别信息', '2019-05-05 20:31:42', '查询操作', 1),
	(6840, '查询药品信息', '2019-05-05 20:31:42', '查询操作', 1),
	(6841, '查询药品单位信息', '2019-05-05 20:31:42', '查询操作', 1),
	(6842, '查询药品单位信息', '2019-05-05 20:31:42', '查询操作', 1),
	(6843, '查询药品信息', '2019-05-05 20:31:42', '查询操作', 1),
	(6844, '查询药品信息', '2019-05-05 20:31:44', '查询操作', 1),
	(6845, '查询药品库存信息', '2019-05-05 20:31:52', '查询操作', 1),
	(6846, '查询药品信息', '2019-05-05 20:31:54', '查询操作', 1),
	(6847, '查询药品信息', '2019-05-05 20:31:54', '查询操作', 1),
	(6848, '查询药品信息', '2019-05-05 20:31:54', '查询操作', 1),
	(6849, '查询药品信息', '2019-05-05 20:31:54', '查询操作', 1),
	(6850, '查询药品信息', '2019-05-05 20:31:55', '查询操作', 1),
	(6851, '查询药品信息', '2019-05-05 20:31:55', '查询操作', 1),
	(6852, '查询药品库存信息', '2019-05-05 20:31:57', '查询操作', 1),
	(6853, '查询供应商信息', '2019-05-05 20:31:57', '查询操作', 1),
	(6854, '查询供应商信息', '2019-05-05 20:31:57', '查询操作', 1),
	(6855, '查询客户信息', '2019-05-05 20:31:58', '查询操作', 1),
	(6856, '查询客户信息', '2019-05-05 20:31:58', '查询操作', 1),
	(6857, '查询药品类别信息', '2019-05-05 20:31:58', '查询操作', 1),
	(6858, '查询药品信息', '2019-05-05 20:31:58', '查询操作', 1),
	(6859, '查询药品单位信息', '2019-05-05 20:31:58', '查询操作', 1),
	(6860, '查询药品信息', '2019-05-05 20:31:58', '查询操作', 1),
	(6861, '查询药品单位信息', '2019-05-05 20:31:58', '查询操作', 1),
	(6862, '查询药品信息（无库存）', '2019-05-05 20:31:58', '查询操作', 1),
	(6863, '查询药品信息（有库存）', '2019-05-05 20:31:58', '查询操作', 1),
	(6864, '查询药品信息（无库存）', '2019-05-05 20:31:58', '查询操作', 1),
	(6865, '查询药品信息（有库存）', '2019-05-05 20:31:58', '查询操作', 1),
	(6866, '查询用户信息', '2019-05-05 20:32:02', '查询操作', 1),
	(6867, '查询用户信息', '2019-05-05 20:32:02', '查询操作', 1),
	(6868, '查询药品类别信息', '2019-05-05 20:32:03', '查询操作', 1),
	(6869, '查询药品信息', '2019-05-05 20:32:03', '查询操作', 1),
	(6870, '查询药品单位信息', '2019-05-05 20:32:03', '查询操作', 1),
	(6871, '查询药品信息', '2019-05-05 20:32:03', '查询操作', 1),
	(6872, '查询药品单位信息', '2019-05-05 20:32:03', '查询操作', 1),
	(6873, '查询药品信息', '2019-05-05 20:32:05', '查询操作', 1),
	(6874, '查询药品库存信息', '2019-05-05 20:34:36', '查询操作', 1),
	(6875, '查询药品类别信息', '2019-05-05 20:34:37', '查询操作', 1),
	(6876, '查询药品信息', '2019-05-05 20:34:37', '查询操作', 1),
	(6877, '查询药品单位信息', '2019-05-05 20:34:37', '查询操作', 1),
	(6878, '查询药品单位信息', '2019-05-05 20:34:37', '查询操作', 1),
	(6879, '查询药品信息', '2019-05-05 20:34:37', '查询操作', 1),
	(6880, '查询药品信息', '2019-05-05 20:34:38', '查询操作', 1),
	(6881, '查询药品信息', '2019-05-05 20:34:41', '查询操作', 1),
	(6882, '查询药品信息', '2019-05-05 20:34:49', '查询操作', 1),
	(6883, '查询药品信息', '2019-05-05 20:34:50', '查询操作', 1),
	(6884, '查询药品信息', '2019-05-05 20:34:50', '查询操作', 1),
	(6885, '查询药品信息（无库存）', '2019-05-05 20:35:05', '查询操作', 1),
	(6886, '查询药品信息（有库存）', '2019-05-05 20:35:05', '查询操作', 1),
	(6887, '查询药品信息（无库存）', '2019-05-05 20:35:05', '查询操作', 1),
	(6888, '查询药品信息（有库存）', '2019-05-05 20:35:05', '查询操作', 1),
	(6889, '查询药品信息（无库存）', '2019-05-05 20:35:19', '查询操作', 1),
	(6890, '查询药品信息（无库存）', '2019-05-05 20:35:20', '查询操作', 1),
	(6891, '查询药品信息（无库存）', '2019-05-05 20:35:20', '查询操作', 1),
	(6892, '查询药品信息（无库存）', '2019-05-05 20:35:24', '查询操作', 1),
	(6893, '查询药品信息（无库存）', '2019-05-05 20:35:24', '查询操作', 1),
	(6894, '查询药品信息（无库存）', '2019-05-05 20:35:25', '查询操作', 1),
	(6895, '查询药品信息（无库存）', '2019-05-05 20:35:29', '查询操作', 1),
	(6896, '查询药品信息（无库存）', '2019-05-05 20:35:29', '查询操作', 1),
	(6897, '查询药品信息（无库存）', '2019-05-05 20:35:29', '查询操作', 1),
	(6898, '查询药品信息（无库存）', '2019-05-05 20:35:32', '查询操作', 1),
	(6899, '查询药品信息（无库存）', '2019-05-05 20:35:32', '查询操作', 1),
	(6900, '查询药品信息（无库存）', '2019-05-05 20:35:32', '查询操作', 1),
	(6901, '查询药品信息', '2019-05-05 20:36:06', '查询操作', 1),
	(6902, '查询药品信息', '2019-05-05 20:36:07', '查询操作', 1),
	(6903, '查询药品信息', '2019-05-05 20:36:11', '查询操作', 1),
	(6904, '查询药品信息', '2019-05-05 20:36:14', '查询操作', 1),
	(6905, '查询药品信息', '2019-05-05 20:36:16', '查询操作', 1),
	(6906, '查询药品信息', '2019-05-05 20:36:16', '查询操作', 1),
	(6907, '修改药品[id=1, code=0001, name=维力青 恩替卡韦分散片, model=一盒四板, unit=盒, purchasingPrice=12.0, sellingPrice=20.0, inventoryQuantity=1000, minNum=800, producer=梅花桩中医药有限公司, remarks=好卖]，价格=12.0,库存=1000', '2019-05-05 20:36:27', '更新操作', 1),
	(6908, '查询药品信息（有库存）', '2019-05-05 20:36:27', '查询操作', 1),
	(6909, '查询药品信息（无库存）', '2019-05-05 20:36:27', '查询操作', 1),
	(6910, '修改药品[id=2, code=0002, name=恩甘定 恩替卡韦分散片, model=一盒四板, unit=盒, purchasingPrice=18.0, sellingPrice=25.0, inventoryQuantity=1000, minNum=400, producer=梅花桩中医药有限公司, remarks=热销]，价格=18.0,库存=1000', '2019-05-05 20:36:38', '更新操作', 1),
	(6911, '查询药品信息（有库存）', '2019-05-05 20:36:38', '查询操作', 1),
	(6912, '查询药品信息（无库存）', '2019-05-05 20:36:38', '查询操作', 1),
	(6913, '修改药品[id=38, code=0003, name=谱乐益 匹多莫德颗粒, model=一盒六板, unit=盒, purchasingPrice=40.0, sellingPrice=60.0, inventoryQuantity=1000, minNum=200, producer=少林药品有限公司, remarks=]，价格=40.0,库存=1000', '2019-05-05 20:36:47', '更新操作', 1),
	(6914, '查询药品信息（有库存）', '2019-05-05 20:36:47', '查询操作', 1),
	(6915, '查询药品信息（无库存）', '2019-05-05 20:36:47', '查询操作', 1),
	(6916, '修改药品[id=39, code=0004, name=辛喜 鸦胆子油软胶囊, model=一盒两袋, unit=盒, purchasingPrice=90.0, sellingPrice=120.0, inventoryQuantity=1000, minNum=100, producer=少林药品有限公司, remarks=]，价格=90.0,库存=1000', '2019-05-05 20:36:57', '更新操作', 1),
	(6917, '查询药品信息（有库存）', '2019-05-05 20:36:57', '查询操作', 1),
	(6918, '查询药品信息（无库存）', '2019-05-05 20:36:57', '查询操作', 1),
	(6919, '修改药品[id=40, code=0005, name=芙瑞 来曲唑片, model=一包一版 一版十粒, unit=包, purchasingPrice=80.0, sellingPrice=100.0, inventoryQuantity=2000, minNum=100, producer=峨眉派医药品有限公司, remarks=]，价格=80.0,库存=2000', '2019-05-05 20:37:12', '更新操作', 1),
	(6920, '查询药品信息（有库存）', '2019-05-05 20:37:12', '查询操作', 1),
	(6921, '查询药品信息（无库存）', '2019-05-05 20:37:12', '查询操作', 1),
	(6922, '修改药品[id=42, code=0007, name=开浦兰 左乙拉西坦片, model=一盒四板, unit=盒, purchasingPrice=218.0, sellingPrice=255.0, inventoryQuantity=2000, minNum=200, producer=蜀山派国内药品生产公司, remarks=]，价格=218.0,库存=2000', '2019-05-05 20:37:18', '更新操作', 1),
	(6923, '查询药品信息（有库存）', '2019-05-05 20:37:18', '查询操作', 1),
	(6924, '查询药品信息（无库存）', '2019-05-05 20:37:18', '查询操作', 1),
	(6925, '查询药品信息（无库存）', '2019-05-05 20:37:20', '查询操作', 1),
	(6926, '查询药品信息（无库存）', '2019-05-05 20:37:21', '查询操作', 1),
	(6927, '查询药品信息（无库存）', '2019-05-05 20:37:21', '查询操作', 1),
	(6928, '查询药品信息（无库存）', '2019-05-05 20:37:23', '查询操作', 1),
	(6929, '查询药品信息（无库存）', '2019-05-05 20:37:23', '查询操作', 1),
	(6930, '查询药品信息（无库存）', '2019-05-05 20:37:23', '查询操作', 1),
	(6931, '修改药品[id=41, code=0006, name=理洫王 血塞通软胶囊, model=0.33g*120, unit=瓶, purchasingPrice=152.0, sellingPrice=188.0, inventoryQuantity=2000, minNum=400, producer=峨眉派医药品有限公司, remarks=]，价格=152.0,库存=2000', '2019-05-05 20:37:30', '更新操作', 1),
	(6932, '查询药品信息（有库存）', '2019-05-05 20:37:30', '查询操作', 1),
	(6933, '查询药品信息（无库存）', '2019-05-05 20:37:30', '查询操作', 1),
	(6934, '修改药品[id=43, code=0008, name=曲莱 奥卡西平片, model=一盒四板, unit=盒, purchasingPrice=185.0, sellingPrice=212.0, inventoryQuantity=10000, minNum=1000, producer=蜀山派国内药品生产公司, remarks=]，价格=185.0,库存=10000', '2019-05-05 20:37:39', '更新操作', 1),
	(6935, '查询药品信息（无库存）', '2019-05-05 20:37:39', '查询操作', 1),
	(6936, '查询药品信息（有库存）', '2019-05-05 20:37:39', '查询操作', 1),
	(6937, '修改药品[id=44, code=0009, name=同仁堂 安宫牛黄丸, model=一盒100粒, unit=盒, purchasingPrice=560.0, sellingPrice=680.0, inventoryQuantity=100, minNum=400, producer=蜀山派国内药品生产公司, remarks=]，价格=560.0,库存=100', '2019-05-05 20:37:51', '更新操作', 1),
	(6938, '查询药品信息（有库存）', '2019-05-05 20:37:51', '查询操作', 1),
	(6939, '查询药品信息（无库存）', '2019-05-05 20:37:51', '查询操作', 1),
	(6940, '修改药品[id=45, code=0010, name=康弘 疏肝解郁胶囊, model=0.36g*28粒, unit=盒, purchasingPrice=55.0, sellingPrice=68.0, inventoryQuantity=1000, minNum=1000, producer=蜀山派国内药品生产公司, remarks=]，价格=55.0,库存=1000', '2019-05-05 20:38:00', '更新操作', 1),
	(6941, '查询药品信息（无库存）', '2019-05-05 20:38:00', '查询操作', 1),
	(6942, '查询药品信息（有库存）', '2019-05-05 20:38:00', '查询操作', 1),
	(6943, '修改药品[id=46, code=0011, name=弥可保 甲钴胺片, model=一盒两板, unit=盒, purchasingPrice=28.0, sellingPrice=33.0, inventoryQuantity=10000, minNum=600, producer=蜀山派国内药品生产公司, remarks=]，价格=28.0,库存=10000', '2019-05-05 20:38:11', '更新操作', 1),
	(6944, '查询药品信息（无库存）', '2019-05-05 20:38:11', '查询操作', 1),
	(6945, '查询药品信息（有库存）', '2019-05-05 20:38:11', '查询操作', 1),
	(6946, '修改药品[id=47, code=0012, name=思博海 盐酸多奈哌齐片, model=一盒四板, unit=盒, purchasingPrice=28.0, sellingPrice=37.0, inventoryQuantity=10000, minNum=1000, producer=梅花桩中医药有限公司, remarks=]，价格=28.0,库存=10000', '2019-05-05 20:38:18', '更新操作', 1),
	(6947, '查询药品信息（有库存）', '2019-05-05 20:38:18', '查询操作', 1),
	(6948, '查询药品信息（无库存）', '2019-05-05 20:38:18', '查询操作', 1),
	(6949, '修改药品[id=48, code=0013, name=达菲 磷酸奥司他韦胶囊, model=一盒四板, unit=盒, purchasingPrice=2220.0, sellingPrice=260.0, inventoryQuantity=10000, minNum=2000, producer=梅花桩中医药有限公司, remarks=]，价格=2220.0,库存=10000', '2019-05-05 20:38:26', '更新操作', 1),
	(6950, '查询药品信息（有库存）', '2019-05-05 20:38:26', '查询操作', 1),
	(6951, '查询药品信息（无库存）', '2019-05-05 20:38:26', '查询操作', 1),
	(6952, '修改药品[id=50, code=0015, name=抗病毒口服液, model=10ml*10支, unit=盒, purchasingPrice=10.0, sellingPrice=13.0, inventoryQuantity=10000, minNum=10000, producer=少林药品有限公司, remarks=]，价格=10.0,库存=10000', '2019-05-05 20:38:32', '更新操作', 1),
	(6953, '查询药品信息（有库存）', '2019-05-05 20:38:32', '查询操作', 1),
	(6954, '查询药品信息（无库存）', '2019-05-05 20:38:32', '查询操作', 1),
	(6955, '修改药品[id=52, code=0017, name=维C银翘片, model=12片, unit=盒, purchasingPrice=3.0, sellingPrice=6.0, inventoryQuantity=10000, minNum=20000, producer=少林药品有限公司, remarks=]，价格=3.0,库存=10000', '2019-05-05 20:38:36', '更新操作', 1),
	(6956, '查询药品信息（有库存）', '2019-05-05 20:38:36', '查询操作', 1),
	(6957, '查询药品信息（无库存）', '2019-05-05 20:38:36', '查询操作', 1),
	(6958, '修改药品[id=54, code=0019, name=比拜克胶囊, model=0.36*14粒/盒, unit=盒, purchasingPrice=16.0, sellingPrice=19.0, inventoryQuantity=400, minNum=20000, producer=蜀山派国内药品生产公司, remarks=]，价格=16.0,库存=400', '2019-05-05 20:38:44', '更新操作', 1),
	(6959, '查询药品信息（有库存）', '2019-05-05 20:38:44', '查询操作', 1),
	(6960, '查询药品信息（无库存）', '2019-05-05 20:38:44', '查询操作', 1),
	(6961, '修改药品[id=57, code=0022, name=风油精, model=10ml/瓶, unit=瓶, purchasingPrice=5.0, sellingPrice=9.0, inventoryQuantity=2000, minNum=20000, producer=少林, remarks=]，价格=5.0,库存=2000', '2019-05-05 20:38:51', '更新操作', 1),
	(6962, '查询药品信息（有库存）', '2019-05-05 20:38:51', '查询操作', 1),
	(6963, '查询药品信息（无库存）', '2019-05-05 20:38:51', '查询操作', 1),
	(6964, '修改药品[id=58, code=0023, name=云南白药创可贴, model=50片/盒, unit=瓶, purchasingPrice=10.0, sellingPrice=16.0, inventoryQuantity=2000, minNum=20000, producer=少林药品有限公司, remarks=]，价格=10.0,库存=2000', '2019-05-05 20:38:56', '更新操作', 1),
	(6965, '查询药品信息（有库存）', '2019-05-05 20:38:56', '查询操作', 1),
	(6966, '查询药品信息（无库存）', '2019-05-05 20:38:56', '查询操作', 1),
	(6967, '修改药品[id=61, code=0026, name=百合康牌苦瓜洋参软胶囊, model=500g装, unit=瓶, purchasingPrice=95.0, sellingPrice=122.0, inventoryQuantity=1000, minNum=400, producer=梅花桩中医药有限公司, remarks=]，价格=95.0,库存=1000', '2019-05-05 20:39:04', '更新操作', 1),
	(6968, '查询药品信息（有库存）', '2019-05-05 20:39:04', '查询操作', 1),
	(6969, '查询药品信息（无库存）', '2019-05-05 20:39:04', '查询操作', 1),
	(6970, '修改药品[id=60, code=0025, name=维生素C加天然维生素E咀嚼片, model=80g, unit=瓶, purchasingPrice=147.0, sellingPrice=200.0, inventoryQuantity=800, minNum=400, producer=峨眉派医药品有限公司, remarks=]，价格=147.0,库存=800', '2019-05-05 20:39:11', '更新操作', 1),
	(6971, '查询药品信息（有库存）', '2019-05-05 20:39:11', '查询操作', 1),
	(6972, '查询药品信息（无库存）', '2019-05-05 20:39:11', '查询操作', 1),
	(6973, '查询药品信息', '2019-05-05 20:39:16', '查询操作', 1),
	(6974, '查询药品信息', '2019-05-05 20:39:16', '查询操作', 1),
	(6975, '查询药品类别信息', '2019-05-05 20:39:33', '查询操作', 1),
	(6976, '查询药品信息', '2019-05-05 20:39:37', '查询操作', 1),
	(6977, '查询药品信息', '2019-05-05 20:39:44', '查询操作', 1),
	(6978, '查询药品信息', '2019-05-05 20:39:49', '查询操作', 1),
	(6979, '查询药品信息', '2019-05-05 20:39:53', '查询操作', 1),
	(6980, '查询药品信息', '2019-05-05 20:39:53', '查询操作', 1),
	(6981, '添加进货单', '2019-05-05 20:40:29', '添加操作', 1),
	(6982, '查询药品信息', '2019-05-05 20:40:31', '查询操作', 1),
	(6983, '查询药品信息', '2019-05-05 20:40:31', '查询操作', 1),
	(6984, '查询药品类别信息', '2019-05-05 20:40:34', '查询操作', 1),
	(6985, '查询药品信息', '2019-05-05 20:40:36', '查询操作', 1),
	(6986, '查询药品类别信息', '2019-05-05 20:40:46', '查询操作', 1),
	(6987, '查询药品信息', '2019-05-05 20:40:47', '查询操作', 1),
	(6988, '查询药品信息', '2019-05-05 20:40:48', '查询操作', 1),
	(6989, '查询药品信息', '2019-05-05 20:40:49', '查询操作', 1),
	(6990, '查询药品信息', '2019-05-05 20:40:50', '查询操作', 1),
	(6991, '查询药品信息', '2019-05-05 20:40:51', '查询操作', 1),
	(6992, '查询药品信息', '2019-05-05 20:40:51', '查询操作', 1),
	(6993, '查询药品信息', '2019-05-05 20:40:52', '查询操作', 1),
	(6994, '添加进货单', '2019-05-05 20:41:03', '添加操作', 1),
	(6995, '查询药品信息', '2019-05-05 20:41:04', '查询操作', 1),
	(6996, '查询药品信息', '2019-05-05 20:41:04', '查询操作', 1),
	(6997, '查询客户信息', '2019-05-05 20:41:14', '查询操作', 1),
	(6998, '查询客户信息', '2019-05-05 20:41:14', '查询操作', 1),
	(6999, '添加客户信息[id=null, name=杨过, contact=小八, number=13540128736, address=某个山洞, remarks=]', '2019-05-05 20:42:00', '添加操作', 1),
	(7000, '查询客户信息', '2019-05-05 20:42:00', '查询操作', 1),
	(7001, '添加客户信息[id=null, name=唐三, contact=小九, number=13547802938, address=唐门, remarks=可能已经转世]', '2019-05-05 20:42:53', '添加操作', 1),
	(7002, '查询客户信息', '2019-05-05 20:42:53', '查询操作', 1),
	(7003, '添加客户信息[id=null, name=小舞, contact=小九, number=13652436989, address=史莱克学院, remarks=]', '2019-05-05 20:43:38', '添加操作', 1),
	(7004, '查询客户信息', '2019-05-05 20:43:38', '查询操作', 1),
	(7005, '用户登录', '2019-05-14 15:43:48', '登录操作', 1),
	(7006, '查询药品库存信息', '2019-05-14 15:43:49', '查询操作', 1),
	(7007, '查询药品信息', '2019-05-14 15:43:50', '查询操作', 1),
	(7008, '查询药品信息', '2019-05-14 15:43:50', '查询操作', 1),
	(7009, '查询药品信息', '2019-05-14 15:43:51', '查询操作', 1),
	(7010, '查询药品信息', '2019-05-14 15:43:51', '查询操作', 1),
	(7011, '查询药品信息', '2019-05-14 15:43:53', '查询操作', 1),
	(7012, '查询药品信息', '2019-05-14 15:43:53', '查询操作', 1),
	(7013, '查询药品信息', '2019-05-14 15:43:53', '查询操作', 1),
	(7014, '查询药品信息', '2019-05-14 15:43:53', '查询操作', 1),
	(7015, '查询药品库存信息', '2019-05-14 15:43:56', '查询操作', 1),
	(7016, '查询药品信息（有库存）', '2019-05-14 15:43:58', '查询操作', 1),
	(7017, '查询药品信息（无库存）', '2019-05-14 15:43:58', '查询操作', 1),
	(7018, '查询药品信息（无库存）', '2019-05-14 15:43:58', '查询操作', 1),
	(7019, '查询药品信息（有库存）', '2019-05-14 15:43:58', '查询操作', 1),
	(7020, '查询药品类别信息', '2019-05-14 15:43:59', '查询操作', 1),
	(7021, '查询药品信息', '2019-05-14 15:43:59', '查询操作', 1),
	(7022, '查询药品单位信息', '2019-05-14 15:43:59', '查询操作', 1),
	(7023, '查询药品信息', '2019-05-14 15:43:59', '查询操作', 1),
	(7024, '查询药品单位信息', '2019-05-14 15:43:59', '查询操作', 1),
	(7025, '查询客户信息', '2019-05-14 15:44:00', '查询操作', 1),
	(7026, '查询客户信息', '2019-05-14 15:44:00', '查询操作', 1),
	(7027, '查询供应商信息', '2019-05-14 15:44:00', '查询操作', 1),
	(7028, '查询供应商信息', '2019-05-14 15:44:00', '查询操作', 1),
	(7029, '查询药品信息（无库存）', '2019-05-14 15:44:18', '查询操作', 1),
	(7030, '查询药品信息（无库存）', '2019-05-14 15:44:22', '查询操作', 1),
	(7031, '查询药品信息（有库存）', '2019-05-14 15:44:24', '查询操作', 1),
	(7032, '查询药品信息（有库存）', '2019-05-14 15:44:25', '查询操作', 1),
	(7033, '用户登录', '2019-05-14 21:47:42', '登录操作', 1),
	(7034, '查询药品库存信息', '2019-05-14 21:47:44', '查询操作', 1),
	(7035, '查询药品库存信息', '2019-05-14 21:47:47', '查询操作', 1),
	(7036, '查询药品类别信息', '2019-05-14 21:47:48', '查询操作', 1),
	(7037, '用户登录', '2019-05-14 23:32:01', '登录操作', 1),
	(7038, '查询药品库存信息', '2019-05-14 23:32:03', '查询操作', 1),
	(7039, '查询药品信息', '2019-05-14 23:32:07', '查询操作', 1),
	(7040, '查询药品信息', '2019-05-14 23:32:07', '查询操作', 1),
	(7041, '查询药品信息', '2019-05-14 23:32:07', '查询操作', 1),
	(7042, '查询药品信息', '2019-05-14 23:32:07', '查询操作', 1),
	(7043, '查询药品类别信息', '2019-05-14 23:32:14', '查询操作', 1),
	(7044, '查询角色信息', '2019-05-14 23:32:18', '查询操作', 1),
	(7045, '查询角色信息', '2019-05-14 23:32:18', '查询操作', 1),
	(7046, '查询用户信息', '2019-05-14 23:33:04', '查询操作', 1),
	(7047, '查询用户信息', '2019-05-14 23:33:04', '查询操作', 1),
	(7048, '添加用户信息[id=null, userName=anna, password=123, trueName=萝卜丁, remarks=, roles=null]', '2019-05-14 23:33:58', '添加操作', 1),
	(7049, '查询用户信息', '2019-05-14 23:33:58', '查询操作', 1),
	(7050, '用户登录', '2019-05-14 23:36:31', '登录操作', 1),
	(7051, '查询药品库存信息', '2019-05-14 23:36:33', '查询操作', 1),
	(7052, '查询药品信息', '2019-05-14 23:37:32', '查询操作', 1),
	(7053, '查询药品信息', '2019-05-14 23:37:32', '查询操作', 1),
	(7054, '查询药品信息', '2019-05-14 23:37:32', '查询操作', 1),
	(7055, '查询药品信息', '2019-05-14 23:37:33', '查询操作', 1),
	(7056, '查询药品类别信息', '2019-05-14 23:37:34', '查询操作', 1),
	(7057, '添加销售单', '2019-05-14 23:37:50', '添加操作', 1),
	(7058, '查询药品信息', '2019-05-14 23:37:54', '查询操作', 1),
	(7059, '查询药品信息', '2019-05-14 23:37:54', '查询操作', 1),
	(7060, '查询药品库存信息', '2019-05-14 23:37:56', '查询操作', 1),
	(7061, '查询药品信息', '2019-05-14 23:38:02', '查询操作', 1),
	(7062, '查询药品信息', '2019-05-14 23:38:02', '查询操作', 1),
	(7063, '查询药品类别信息', '2019-05-14 23:38:04', '查询操作', 1),
	(7064, '添加客户退货单', '2019-05-14 23:38:23', '添加操作', 1),
	(7065, '查询药品信息', '2019-05-14 23:38:25', '查询操作', 1),
	(7066, '查询药品信息', '2019-05-14 23:38:25', '查询操作', 1),
	(7067, '查询药品库存信息', '2019-05-14 23:38:29', '查询操作', 1),
	(7068, '查询药品信息', '2019-05-14 23:39:14', '查询操作', 1),
	(7069, '查询药品信息', '2019-05-14 23:39:14', '查询操作', 1),
	(7070, '查询药品信息', '2019-05-14 23:39:17', '查询操作', 1),
	(7071, '查询药品信息', '2019-05-14 23:39:17', '查询操作', 1),
	(7072, '查询药品类别信息', '2019-05-14 23:39:19', '查询操作', 1),
	(7073, '添加退货单', '2019-05-14 23:39:35', '添加操作', 1),
	(7074, '查询药品信息', '2019-05-14 23:39:38', '查询操作', 1),
	(7075, '查询药品信息', '2019-05-14 23:39:38', '查询操作', 1),
	(7076, '查询药品库存信息', '2019-05-14 23:39:41', '查询操作', 1),
	(7077, '用户登录', '2019-05-15 00:21:44', '登录操作', 1),
	(7078, '查询药品库存信息', '2019-05-15 00:21:45', '查询操作', 1),
	(7079, '查询供应商信息', '2019-05-15 00:21:47', '查询操作', 1),
	(7080, '查询供应商信息', '2019-05-15 00:21:47', '查询操作', 1),
	(7081, '删除供应商信息[id=1, name=梅花桩中医药有限公司, contact=小一, number=0773-7217175, address=武当梅花桩, remarks=值得信赖]', '2019-05-15 00:21:50', '删除操作', 1),
	(7082, '查询药品库存信息', '2019-05-15 00:21:54', '查询操作', 1),
	(7083, '查询供应商信息', '2019-05-15 00:21:56', '查询操作', 1),
	(7084, '查询供应商信息', '2019-05-15 00:21:56', '查询操作', 1),
	(7085, '删除供应商信息[id=1, name=梅花桩中医药有限公司, contact=小一, number=0773-7217175, address=武当梅花桩, remarks=值得信赖]', '2019-05-15 00:22:00', '删除操作', 1),
	(7086, '删除供应商信息[id=2, name=少林药品有限公司, contact=小二, number=2131-123123, address=少林寺, remarks=]', '2019-05-15 00:24:48', '删除操作', 1),
	(7087, '查询供应商信息', '2019-05-15 00:24:48', '查询操作', 1),
	(7088, '查询药品库存信息', '2019-05-15 00:25:00', '查询操作', 1),
	(7089, '查询供应商信息', '2019-05-15 00:25:35', '查询操作', 1),
	(7090, '查询供应商信息', '2019-05-15 00:25:35', '查询操作', 1),
	(7091, '查询药品类别信息', '2019-05-15 00:25:36', '查询操作', 1),
	(7092, '查询药品信息', '2019-05-15 00:25:36', '查询操作', 1),
	(7093, '查询药品单位信息', '2019-05-15 00:25:36', '查询操作', 1),
	(7094, '查询药品信息', '2019-05-15 00:25:36', '查询操作', 1),
	(7095, '查询药品单位信息', '2019-05-15 00:25:37', '查询操作', 1),
	(7096, '查询客户信息', '2019-05-15 00:25:37', '查询操作', 1),
	(7097, '查询客户信息', '2019-05-15 00:25:37', '查询操作', 1),
	(7098, '查询药品信息（无库存）', '2019-05-15 00:25:39', '查询操作', 1),
	(7099, '查询药品信息（无库存）', '2019-05-15 00:25:39', '查询操作', 1),
	(7100, '查询药品信息（有库存）', '2019-05-15 00:25:39', '查询操作', 1),
	(7101, '查询药品信息（有库存）', '2019-05-15 00:25:39', '查询操作', 1),
	(7102, '用户登录', '2019-05-15 02:06:12', '登录操作', 1),
	(7103, '查询药品库存信息', '2019-05-15 02:06:13', '查询操作', 1),
	(7104, '查询药品信息', '2019-05-15 02:06:17', '查询操作', 1),
	(7105, '查询药品信息', '2019-05-15 02:06:17', '查询操作', 1),
	(7106, '查询药品类别信息', '2019-05-15 02:06:19', '查询操作', 1),
	(7107, '添加销售单', '2019-05-15 02:06:49', '添加操作', 1),
	(7108, '查询药品信息', '2019-05-15 02:06:51', '查询操作', 1),
	(7109, '查询药品信息', '2019-05-15 02:06:51', '查询操作', 1),
	(7110, '查询药品类别信息', '2019-05-15 02:06:53', '查询操作', 1),
	(7111, '添加销售单', '2019-05-15 02:07:07', '添加操作', 1),
	(7112, '查询药品信息', '2019-05-15 02:07:09', '查询操作', 1),
	(7113, '查询药品信息', '2019-05-15 02:07:09', '查询操作', 1),
	(7114, '查询药品库存信息', '2019-05-15 02:07:10', '查询操作', 1),
	(7115, '查询药品信息', '2019-05-15 02:07:37', '查询操作', 1),
	(7116, '查询药品信息', '2019-05-15 02:07:37', '查询操作', 1),
	(7117, '查询药品类别信息', '2019-05-15 02:07:39', '查询操作', 1),
	(7118, '查询药品库存信息', '2019-05-15 02:08:02', '查询操作', 1),
	(7119, '查询药品信息', '2019-05-15 02:08:05', '查询操作', 1),
	(7120, '查询药品信息', '2019-05-15 02:08:05', '查询操作', 1),
	(7121, '查询药品类别信息', '2019-05-15 02:08:05', '查询操作', 1),
	(7122, '查询药品库存信息', '2019-05-15 02:09:25', '查询操作', 1),
	(7123, '查询药品信息', '2019-05-15 02:09:28', '查询操作', 1),
	(7124, '查询药品信息', '2019-05-15 02:09:28', '查询操作', 1),
	(7125, '用户登录', '2019-05-15 02:11:40', '登录操作', 1),
	(7126, '查询药品库存信息', '2019-05-15 02:11:40', '查询操作', 1),
	(7127, '查询药品信息', '2019-05-15 02:11:47', '查询操作', 1),
	(7128, '查询药品信息', '2019-05-15 02:11:48', '查询操作', 1),
	(7129, '查询药品类别信息', '2019-05-15 02:11:51', '查询操作', 1),
	(7130, '用户登录', '2019-05-15 02:30:25', '登录操作', 1),
	(7131, '查询药品库存信息', '2019-05-15 02:30:26', '查询操作', 1),
	(7132, '查询药品信息', '2019-05-15 02:30:34', '查询操作', 1),
	(7133, '查询药品信息', '2019-05-15 02:30:34', '查询操作', 1),
	(7134, '查询药品类别信息', '2019-05-15 02:30:42', '查询操作', 1),
	(7135, '用户登录', '2019-05-15 03:00:08', '登录操作', 2),
	(7136, '查询药品库存信息', '2019-05-15 03:00:09', '查询操作', 2),
	(7137, '查询供应商信息', '2019-05-15 03:00:14', '查询操作', 2),
	(7138, '查询供应商信息', '2019-05-15 03:00:14', '查询操作', 2),
	(7139, '查询客户信息', '2019-05-15 03:00:19', '查询操作', 2),
	(7140, '查询客户信息', '2019-05-15 03:00:19', '查询操作', 2),
	(7141, '用户登录', '2019-05-15 03:00:38', '登录操作', 3),
	(7142, '查询药品信息', '2019-05-15 03:00:41', '查询操作', 3),
	(7143, '查询药品信息', '2019-05-15 03:00:41', '查询操作', 3),
	(7144, '查询药品类别信息', '2019-05-15 03:00:43', '查询操作', 3),
	(7145, '查询药品信息', '2019-05-15 03:00:48', '查询操作', 3),
	(7146, '查询药品信息', '2019-05-15 03:00:57', '查询操作', 3),
	(7147, '查询药品信息', '2019-05-15 03:00:58', '查询操作', 3),
	(7148, '查询药品信息', '2019-05-15 03:00:59', '查询操作', 3),
	(7149, '删除药品类别信息[id=9, name=精神心理, state=0, icon=icon-folder, pId=2]', '2019-05-15 03:02:52', '删除操作', 3),
	(7150, '用户登录', '2019-05-15 03:08:08', '登录操作', 1),
	(7151, '查询药品库存信息', '2019-05-15 03:08:09', '查询操作', 1),
	(7152, '查询药品信息', '2019-05-15 03:08:13', '查询操作', 1),
	(7153, '查询药品信息', '2019-05-15 03:08:13', '查询操作', 1),
	(7154, '查询药品类别信息', '2019-05-15 03:08:18', '查询操作', 1),
	(7155, '查询药品信息', '2019-05-15 03:08:19', '查询操作', 1),
	(7156, '查询药品信息', '2019-05-15 03:08:21', '查询操作', 1),
	(7157, '查询药品信息', '2019-05-15 03:08:30', '查询操作', 1),
	(7158, '查询角色信息', '2019-05-15 03:13:55', '查询操作', 1),
	(7159, '查询角色信息', '2019-05-15 03:13:55', '查询操作', 1),
	(7160, '查询用户信息', '2019-05-15 03:14:03', '查询操作', 1),
	(7161, '查询用户信息', '2019-05-15 03:14:03', '查询操作', 1),
	(7162, '查询供应商信息', '2019-05-15 03:14:05', '查询操作', 1),
	(7163, '查询供应商信息', '2019-05-15 03:14:05', '查询操作', 1),
	(7164, '查询客户信息', '2019-05-15 03:14:12', '查询操作', 1),
	(7165, '查询客户信息', '2019-05-15 03:14:12', '查询操作', 1),
	(7166, '添加客户信息[id=null, name=小龙女, contact=小十, number=18621225534, address=某个山东, remarks=是个小仙女]', '2019-05-15 03:15:31', '添加操作', 1),
	(7167, '查询客户信息', '2019-05-15 03:15:32', '查询操作', 1),
	(7168, '查询药品库存信息', '2019-05-15 03:15:37', '查询操作', 1),
	(7169, '查询角色信息', '2019-05-15 03:15:39', '查询操作', 1),
	(7170, '查询角色信息', '2019-05-15 03:15:39', '查询操作', 1),
	(7171, '查询用户信息', '2019-05-15 03:15:41', '查询操作', 1),
	(7172, '查询用户信息', '2019-05-15 03:15:41', '查询操作', 1),
	(7173, '查询药品库存信息', '2019-05-15 03:15:49', '查询操作', 1),
	(7174, '查询角色信息', '2019-05-15 03:16:25', '查询操作', 1),
	(7175, '查询角色信息', '2019-05-15 03:16:25', '查询操作', 1),
	(7176, '查询用户信息', '2019-05-15 03:16:28', '查询操作', 1),
	(7177, '查询用户信息', '2019-05-15 03:16:28', '查询操作', 1),
	(7178, '更新用户信息[id=10, userName=anna, password=123, trueName=萝卜丁, remarks=23333, roles=null]', '2019-05-15 03:16:42', '更新操作', 1),
	(7179, '查询用户信息', '2019-05-15 03:16:43', '查询操作', 1),
	(7180, '查询所有角色信息', '2019-05-15 03:16:48', '查询操作', 1),
	(7181, '保存用户角色设置', '2019-05-15 03:16:51', '更新操作', 1),
	(7182, '查询用户信息', '2019-05-15 03:16:52', '查询操作', 1),
	(7183, '查询药品库存信息', '2019-05-15 03:16:56', '查询操作', 1),
	(7184, '查询供应商信息', '2019-05-15 03:16:58', '查询操作', 1),
	(7185, '查询供应商信息', '2019-05-15 03:16:58', '查询操作', 1),
	(7186, '查询客户信息', '2019-05-15 03:17:00', '查询操作', 1),
	(7187, '查询客户信息', '2019-05-15 03:17:00', '查询操作', 1),
	(7188, '查询药品类别信息', '2019-05-15 03:17:01', '查询操作', 1),
	(7189, '查询药品单位信息', '2019-05-15 03:17:01', '查询操作', 1),
	(7190, '查询药品信息', '2019-05-15 03:17:01', '查询操作', 1),
	(7191, '查询药品信息', '2019-05-15 03:17:01', '查询操作', 1),
	(7192, '查询药品单位信息', '2019-05-15 03:17:01', '查询操作', 1),
	(7193, '查询药品信息', '2019-05-15 03:17:04', '查询操作', 1),
	(7194, '查询药品信息', '2019-05-15 03:17:05', '查询操作', 1),
	(7195, '查询药品信息', '2019-05-15 03:17:06', '查询操作', 1),
	(7196, '查询药品信息', '2019-05-15 03:17:08', '查询操作', 1),
	(7197, '查询药品信息', '2019-05-15 03:17:08', '查询操作', 1),
	(7198, '查询药品信息', '2019-05-15 03:17:09', '查询操作', 1),
	(7199, '查询药品信息', '2019-05-15 03:17:11', '查询操作', 1),
	(7200, '查询药品信息', '2019-05-15 03:17:13', '查询操作', 1),
	(7201, '查询药品信息', '2019-05-15 03:17:13', '查询操作', 1),
	(7202, '查询药品信息（无库存）', '2019-05-15 03:17:17', '查询操作', 1),
	(7203, '查询药品信息（有库存）', '2019-05-15 03:17:17', '查询操作', 1),
	(7204, '查询药品信息（无库存）', '2019-05-15 03:17:17', '查询操作', 1),
	(7205, '查询药品信息（有库存）', '2019-05-15 03:17:17', '查询操作', 1),
	(7206, '查询药品信息（无库存）', '2019-05-15 03:18:07', '查询操作', 1),
	(7207, '查询药品信息（无库存）', '2019-05-15 03:18:09', '查询操作', 1),
	(7208, '查询药品信息（有库存）', '2019-05-15 03:18:11', '查询操作', 1),
	(7209, '查询药品信息（有库存）', '2019-05-15 03:18:12', '查询操作', 1),
	(7210, '查询药品信息（有库存）', '2019-05-15 03:18:14', '查询操作', 1),
	(7211, '查询药品信息（有库存）', '2019-05-15 03:18:39', '查询操作', 1),
	(7212, '查询药品信息（无库存）', '2019-05-15 03:18:42', '查询操作', 1),
	(7213, '查询药品信息（有库存）', '2019-05-15 03:18:47', '查询操作', 1),
	(7214, '查询药品信息（有库存）', '2019-05-15 03:18:49', '查询操作', 1),
	(7215, '查询药品信息（有库存）', '2019-05-15 03:18:52', '查询操作', 1),
	(7216, '查询药品信息（有库存）', '2019-05-15 03:18:53', '查询操作', 1),
	(7217, '修改药品[id=73, code=0038, name=补肾益寿胶囊, model=0.3g*60粒, unit=瓶, purchasingPrice=324.0, sellingPrice=324.0, inventoryQuantity=1000, minNum=1000, producer=梅花桩中医药有限公司, remarks=]，价格=324.0,库存=1000', '2019-05-15 03:19:48', '更新操作', 1),
	(7218, '查询药品信息（有库存）', '2019-05-15 03:19:49', '查询操作', 1),
	(7219, '查询药品信息（无库存）', '2019-05-15 03:19:49', '查询操作', 1),
	(7220, '查询药品库存信息', '2019-05-15 03:19:52', '查询操作', 1),
	(7221, '查询药品信息（无库存）', '2019-05-15 03:19:54', '查询操作', 1),
	(7222, '查询药品信息（有库存）', '2019-05-15 03:19:54', '查询操作', 1),
	(7223, '查询药品信息（无库存）', '2019-05-15 03:19:54', '查询操作', 1),
	(7224, '查询药品信息（有库存）', '2019-05-15 03:19:54', '查询操作', 1),
	(7225, '查询药品信息（无库存）', '2019-05-15 03:20:01', '查询操作', 1),
	(7226, '查询药品信息（有库存）', '2019-05-15 03:20:50', '查询操作', 1),
	(7227, '查询药品信息（有库存）', '2019-05-15 03:20:50', '查询操作', 1),
	(7228, '修改药品[id=73, code=0038, name=补肾益寿胶囊, model=0.3g*60粒, unit=瓶, purchasingPrice=200.0, sellingPrice=324.0, inventoryQuantity=1000, minNum=1000, producer=梅花桩中医药有限公司, remarks=]，价格=200.0,库存=1000', '2019-05-15 03:21:23', '更新操作', 1),
	(7229, '查询药品信息（无库存）', '2019-05-15 03:21:23', '查询操作', 1),
	(7230, '查询药品信息（有库存）', '2019-05-15 03:21:23', '查询操作', 1),
	(7231, '查询药品类别信息', '2019-05-15 03:21:31', '查询操作', 1),
	(7232, '查询药品单位信息', '2019-05-15 03:21:31', '查询操作', 1),
	(7233, '查询药品信息', '2019-05-15 03:21:31', '查询操作', 1),
	(7234, '查询药品单位信息', '2019-05-15 03:21:31', '查询操作', 1),
	(7235, '查询药品信息', '2019-05-15 03:21:31', '查询操作', 1),
	(7236, '查询药品信息', '2019-05-15 03:21:33', '查询操作', 1),
	(7237, '查询客户信息', '2019-05-15 03:21:40', '查询操作', 1),
	(7238, '查询客户信息', '2019-05-15 03:21:40', '查询操作', 1),
	(7239, '查询供应商信息', '2019-05-15 03:21:43', '查询操作', 1),
	(7240, '查询供应商信息', '2019-05-15 03:21:43', '查询操作', 1),
	(7241, '查询药品库存信息', '2019-05-15 03:21:45', '查询操作', 1),
	(7242, '查询药品库存信息', '2019-05-15 03:21:50', '查询操作', 1),
	(7243, '查询药品库存信息', '2019-05-15 03:21:53', '查询操作', 1),
	(7244, '查询药品信息', '2019-05-15 03:22:17', '查询操作', 1),
	(7245, '查询药品信息', '2019-05-15 03:22:17', '查询操作', 1),
	(7246, '查询药品信息', '2019-05-15 03:22:17', '查询操作', 1),
	(7247, '查询药品信息', '2019-05-15 03:22:17', '查询操作', 1),
	(7248, '查询药品信息', '2019-05-15 03:22:18', '查询操作', 1),
	(7249, '查询药品信息', '2019-05-15 03:22:18', '查询操作', 1),
	(7250, '查询药品类别信息', '2019-05-15 03:22:22', '查询操作', 1),
	(7251, '用户登录', '2019-05-15 03:24:21', '登录操作', 2),
	(7252, '查询药品库存信息', '2019-05-15 03:24:22', '查询操作', 2),
	(7253, '用户登录', '2019-05-15 04:20:04', '登录操作', 1),
	(7254, '查询药品库存信息', '2019-05-15 04:20:05', '查询操作', 1),
	(7255, '查询药品信息', '2019-05-15 04:20:07', '查询操作', 1),
	(7256, '查询药品信息', '2019-05-15 04:20:07', '查询操作', 1),
	(7257, '用户登录', '2019-05-15 04:21:06', '登录操作', 1),
	(7258, '查询药品信息', '2019-05-15 04:21:09', '查询操作', 1),
	(7259, '查询药品信息', '2019-05-15 04:21:09', '查询操作', 1),
	(7260, '查询药品类别信息', '2019-05-15 04:21:11', '查询操作', 1),
	(7261, '添加进货单', '2019-05-15 04:21:27', '添加操作', 1),
	(7262, '查询药品信息', '2019-05-15 04:21:30', '查询操作', 1),
	(7263, '查询药品信息', '2019-05-15 04:21:30', '查询操作', 1),
	(7264, '查询药品类别信息', '2019-05-15 04:21:45', '查询操作', 1),
	(7265, '查询药品类别信息', '2019-05-15 04:21:54', '查询操作', 1),
	(7266, '添加进货单', '2019-05-15 04:22:03', '添加操作', 1),
	(7267, '查询药品信息', '2019-05-15 04:22:16', '查询操作', 1),
	(7268, '查询药品信息', '2019-05-15 04:22:16', '查询操作', 1),
	(7269, '查询药品类别信息', '2019-05-15 04:23:00', '查询操作', 1),
	(7270, '用户登录', '2019-05-15 04:25:25', '登录操作', 1),
	(7271, '查询药品信息', '2019-05-15 04:25:28', '查询操作', 1),
	(7272, '查询药品信息', '2019-05-15 04:25:28', '查询操作', 1),
	(7273, '查询药品类别信息', '2019-05-15 04:25:29', '查询操作', 1),
	(7274, '添加进货单', '2019-05-15 04:25:44', '添加操作', 1),
	(7275, '查询药品信息', '2019-05-15 04:25:57', '查询操作', 1),
	(7276, '查询药品信息', '2019-05-15 04:25:57', '查询操作', 1),
	(7277, '用户登录', '2019-05-15 04:30:50', '登录操作', 1),
	(7278, '查询药品信息', '2019-05-15 04:31:06', '查询操作', 1),
	(7279, '查询药品信息', '2019-05-15 04:31:06', '查询操作', 1),
	(7280, '查询药品类别信息', '2019-05-15 04:31:07', '查询操作', 1),
	(7281, '添加进货单', '2019-05-15 04:31:22', '添加操作', 1),
	(7282, '查询药品信息', '2019-05-15 04:31:25', '查询操作', 1),
	(7283, '查询药品信息', '2019-05-15 04:31:25', '查询操作', 1);
/*!40000 ALTER TABLE `t_log` ENABLE KEYS */;

-- 导出  表 db_jxc.t_menu 结构
CREATE TABLE IF NOT EXISTS `t_menu` (
  `id` int(11) NOT NULL AUTO_INCREMENT,
  `icon` varchar(100) DEFAULT NULL,
  `name` varchar(50) DEFAULT NULL,
  `state` int(11) DEFAULT NULL,
  `url` varchar(200) DEFAULT NULL,
  `p_id` int(11) DEFAULT NULL,
  PRIMARY KEY (`id`),
  KEY `FKsni20f28wjqrmpp44uawa2ky4` (`p_id`)
) ENGINE=InnoDB AUTO_INCREMENT=6051 DEFAULT CHARSET=utf8 COMMENT='页面';

-- 正在导出表  db_jxc.t_menu 的数据：~25 rows (大约)
/*!40000 ALTER TABLE `t_menu` DISABLE KEYS */;
INSERT INTO `t_menu` (`id`, `icon`, `name`, `state`, `url`, `p_id`) VALUES
	(1, 'menu-plugin', '系统菜单', 1, NULL, -1),
	(10, 'menu-1', '采购管理', 1, NULL, 1),
	(20, 'menu-2', '药房管理', 1, NULL, 1),
	(30, 'menu-3', '库房管理', 1, NULL, 1),
	(50, 'menu-5', '基础资料', 1, NULL, 1),
	(60, 'menu-6', '系统管理', 1, NULL, 1),
	(1010, 'menu-11', '进货入库', 0, '/purchase/purchase.html', 10),
	(1020, 'menu-12', '退货出库', 0, '/purchase/return.html', 10),
	(1030, 'menu-13', '进货单据查询', 0, '/purchase/purchaseSearch.html', 10),
	(1040, 'menu-14', '退货单据查询', 0, '/purchase/returnSearch.html', 10),
	(2010, 'menu-21', '销售出库', 0, '/sale/saleout.html', 20),
	(2020, 'menu-22', '客户退货', 0, '/sale/salereturn.html', 20),
	(2030, 'menu-23', '销售单据查询', 0, '/sale/saleSearch.html', 20),
	(2040, 'menu-24', '客户退货查询', 0, '/sale/returnSearch.html', 20),
	(3030, 'menu-33', '库存报警', 0, '/stock/alarm.html', 30),
	(3050, 'menu-35', '当前库存查询', 0, '/common/stockSearch.html', 30),
	(5010, 'menu-51', '供应商管理', 0, '/basicData/supplier.html', 50),
	(5020, 'menu-52', '客户管理', 0, '/basicData/customer.html', 50),
	(5030, 'menu-53', '商品管理', 0, '/basicData/goods.html', 50),
	(5040, 'menu-54', '期初库存', 0, '/basicData/stock.html', 50),
	(6010, 'menu-61', '角色管理', 0, '/power/role.html', 60),
	(6020, 'menu-62', '用户管理', 0, '/power/user.html', 60),
	(6030, 'menu-65', '系统日志', 0, '/power/log.html', 60),
	(6040, 'menu-63', '修改密码', 0, NULL, 60),
	(6050, 'menu-64', '安全退出', 0, NULL, 60);
/*!40000 ALTER TABLE `t_menu` ENABLE KEYS */;

-- 导出  表 db_jxc.t_purchase_list 结构
CREATE TABLE IF NOT EXISTS `t_purchase_list` (
  `id` int(11) NOT NULL AUTO_INCREMENT,
  `amount_paid` float NOT NULL,
  `amount_payable` float NOT NULL,
  `purchase_date` datetime DEFAULT NULL,
  `remarks` varchar(1000) DEFAULT NULL,
  `state` int(11) NOT NULL,
  `purchase_number` varchar(100) DEFAULT NULL,
  `supplier_id` int(11) DEFAULT NULL,
  `user_id` int(11) DEFAULT NULL,
  PRIMARY KEY (`id`),
  KEY `FK5j2dev8b2b5d0l69nb8vtr4yb` (`supplier_id`),
  KEY `FK69s6eyxr4wwvsywe9hbthef1h` (`user_id`),
  CONSTRAINT `FK5j2dev8b2b5d0l69nb8vtr4yb` FOREIGN KEY (`supplier_id`) REFERENCES `t_supplier` (`id`),
  CONSTRAINT `FK69s6eyxr4wwvsywe9hbthef1h` FOREIGN KEY (`user_id`) REFERENCES `t_user` (`id`)
) ENGINE=InnoDB AUTO_INCREMENT=43 DEFAULT CHARSET=utf8 COMMENT='进货入库单';

-- 正在导出表  db_jxc.t_purchase_list 的数据：~2 rows (大约)
/*!40000 ALTER TABLE `t_purchase_list` DISABLE KEYS */;
INSERT INTO `t_purchase_list` (`id`, `amount_paid`, `amount_payable`, `purchase_date`, `remarks`, `state`, `purchase_number`, `supplier_id`, `user_id`) VALUES
	(37, 248000, 248000, '2019-05-05 00:00:00', 'AT进行一次入库操作', 1, 'JH201905050001', 1, 1),
	(38, 19820, 19820, '2019-05-05 00:00:00', 'AT进行二次入库操作', 1, 'JH201905050002', 3, 1),
	(39, 80, 80, '2019-05-15 00:00:00', '', 1, 'JH201905150001', 1, 1),
	(40, 180, 180, '2019-05-15 00:00:00', '', 1, 'JH201905150002', 3, 1),
	(41, 160, 160, '2019-05-15 00:00:00', '', 1, 'JH201905150003', 4, 1),
	(42, 152, 152, '2019-05-15 00:00:00', '', 1, 'JH201905150004', 4, 1);
/*!40000 ALTER TABLE `t_purchase_list` ENABLE KEYS */;

-- 导出  表 db_jxc.t_purchase_list_drugs 结构
CREATE TABLE IF NOT EXISTS `t_purchase_list_drugs` (
  `id` int(11) NOT NULL AUTO_INCREMENT,
  `code` varchar(50) DEFAULT NULL,
  `model` varchar(50) DEFAULT NULL,
  `name` varchar(50) DEFAULT NULL,
  `num` int(11) NOT NULL,
  `price` float NOT NULL,
  `total` float NOT NULL,
  `unit` varchar(10) DEFAULT NULL,
  `purchase_list_id` int(11) DEFAULT NULL,
  `type_id` int(11) DEFAULT NULL,
  `drugs_id` int(11) DEFAULT NULL,
  PRIMARY KEY (`id`),
  KEY `FKfvdvgcebqkkokyn0o00idqnpy` (`purchase_list_id`),
  KEY `FK83ikbi2x3epn49fwcco8jlfwu` (`type_id`),
  CONSTRAINT `FK83ikbi2x3epn49fwcco8jlfwu` FOREIGN KEY (`type_id`) REFERENCES `t_drugstype` (`id`),
  CONSTRAINT `FKde4f1gid8ew0aadho1wa4vc5b` FOREIGN KEY (`purchase_list_id`) REFERENCES `t_purchase_list` (`id`),
  CONSTRAINT `FKfvdvgcebqkkokyn0o00idqnpy` FOREIGN KEY (`purchase_list_id`) REFERENCES `t_purchase_list` (`id`),
  CONSTRAINT `FKncikcrjaskyjanwsgxigl2hvp` FOREIGN KEY (`type_id`) REFERENCES `t_drugstype` (`id`)
) ENGINE=InnoDB AUTO_INCREMENT=63 DEFAULT CHARSET=utf8 COMMENT='进货入库药品';

-- 正在导出表  db_jxc.t_purchase_list_drugs 的数据：~2 rows (大约)
/*!40000 ALTER TABLE `t_purchase_list_drugs` DISABLE KEYS */;
INSERT INTO `t_purchase_list_drugs` (`id`, `code`, `model`, `name`, `num`, `price`, `total`, `unit`, `purchase_list_id`, `type_id`, `drugs_id`) VALUES
	(57, '0035', '70ml*6瓶', '冰糖燕窝饮品（金装）', 1000, 248, 248000, '盒', 37, 19, 70),
	(58, '0039', '1台', '紫外线光疗仪', 10, 1982, 19820, '台', 38, 21, 74),
	(59, '0003', '一盒六板', '谱乐益 匹多莫德颗粒', 2, 40, 80, '盒', 39, 7, 38),
	(60, '0004', '一盒两袋', '辛喜 鸦胆子油软胶囊', 2, 90, 180, '盒', 40, 7, 39),
	(61, '0005', '一包一版 一版十粒', '芙瑞 来曲唑片', 2, 80, 160, '包', 41, 7, 40),
	(62, '0006', '0.33g*120', '理洫王 血塞通软胶囊', 1, 152, 152, '瓶', 42, 8, 41);
/*!40000 ALTER TABLE `t_purchase_list_drugs` ENABLE KEYS */;

-- 导出  表 db_jxc.t_return_list 结构
CREATE TABLE IF NOT EXISTS `t_return_list` (
  `id` int(11) NOT NULL AUTO_INCREMENT,
  `amount_paid` float NOT NULL,
  `amount_payable` float NOT NULL,
  `remarks` varchar(1000) DEFAULT NULL,
  `return_date` datetime DEFAULT NULL,
  `return_number` varchar(100) DEFAULT NULL,
  `state` int(11) NOT NULL,
  `supplier_id` int(11) DEFAULT NULL,
  `user_id` int(11) DEFAULT NULL,
  PRIMARY KEY (`id`),
  KEY `FK4qxjj8bvj2etne243xluni0vn` (`supplier_id`),
  KEY `FK904juw2v1hm2av0ig26gae9jb` (`user_id`),
  CONSTRAINT `FK4qxjj8bvj2etne243xluni0vn` FOREIGN KEY (`supplier_id`) REFERENCES `t_supplier` (`id`),
  CONSTRAINT `FK904juw2v1hm2av0ig26gae9jb` FOREIGN KEY (`user_id`) REFERENCES `t_user` (`id`)
) ENGINE=InnoDB AUTO_INCREMENT=9 DEFAULT CHARSET=utf8 COMMENT='退货出库单';

-- 正在导出表  db_jxc.t_return_list 的数据：~0 rows (大约)
/*!40000 ALTER TABLE `t_return_list` DISABLE KEYS */;
INSERT INTO `t_return_list` (`id`, `amount_paid`, `amount_payable`, `remarks`, `return_date`, `return_number`, `state`, `supplier_id`, `user_id`) VALUES
	(8, 800, 800, '', '2019-05-14 00:00:00', 'TH201905140001', 1, 3, 1);
/*!40000 ALTER TABLE `t_return_list` ENABLE KEYS */;

-- 导出  表 db_jxc.t_return_list_drugs 结构
CREATE TABLE IF NOT EXISTS `t_return_list_drugs` (
  `id` int(11) NOT NULL AUTO_INCREMENT,
  `code` varchar(50) DEFAULT NULL,
  `model` varchar(50) DEFAULT NULL,
  `name` varchar(50) DEFAULT NULL,
  `num` int(11) NOT NULL,
  `price` float NOT NULL,
  `total` float NOT NULL,
  `unit` varchar(10) DEFAULT NULL,
  `return_list_id` int(11) DEFAULT NULL,
  `type_id` int(11) DEFAULT NULL,
  `drugs_id` int(11) DEFAULT NULL,
  PRIMARY KEY (`id`),
  KEY `FKemclu281vyvyk063c3foafq1w` (`return_list_id`),
  KEY `FKa1prpd96fcs0x2oe0omny9vio` (`type_id`),
  CONSTRAINT `FKa1prpd96fcs0x2oe0omny9vio` FOREIGN KEY (`type_id`) REFERENCES `t_drugstype` (`id`),
  CONSTRAINT `FKemclu281vyvyk063c3foafq1w` FOREIGN KEY (`return_list_id`) REFERENCES `t_return_list` (`id`),
  CONSTRAINT `FKg93xt5m603lp6w5mbooerhfx8` FOREIGN KEY (`return_list_id`) REFERENCES `t_return_list` (`id`),
  CONSTRAINT `FKlmh1aejchpobv5xftrcu624s` FOREIGN KEY (`type_id`) REFERENCES `t_drugstype` (`id`)
) ENGINE=InnoDB AUTO_INCREMENT=16 DEFAULT CHARSET=utf8 COMMENT='退货出库药品';

-- 正在导出表  db_jxc.t_return_list_drugs 的数据：~0 rows (大约)
/*!40000 ALTER TABLE `t_return_list_drugs` DISABLE KEYS */;
INSERT INTO `t_return_list_drugs` (`id`, `code`, `model`, `name`, `num`, `price`, `total`, `unit`, `return_list_id`, `type_id`, `drugs_id`) VALUES
	(14, '0005', '一包一版 一版十粒', '芙瑞 来曲唑片', 10, 80, 800, '包', 8, 7, 40),
	(15, '0002', '一盒四板', '恩甘定 恩替卡韦分散片', 100, 0, 0, '盒', 8, 6, 2);
/*!40000 ALTER TABLE `t_return_list_drugs` ENABLE KEYS */;

-- 导出  表 db_jxc.t_role 结构
CREATE TABLE IF NOT EXISTS `t_role` (
  `id` int(11) NOT NULL AUTO_INCREMENT,
  `bz` varchar(1000) DEFAULT NULL,
  `name` varchar(50) DEFAULT NULL,
  `remarks` varchar(1000) DEFAULT NULL,
  PRIMARY KEY (`id`)
) ENGINE=InnoDB AUTO_INCREMENT=12 DEFAULT CHARSET=utf8 COMMENT='角色';

-- 正在导出表  db_jxc.t_role 的数据：~4 rows (大约)
/*!40000 ALTER TABLE `t_role` DISABLE KEYS */;
INSERT INTO `t_role` (`id`, `bz`, `name`, `remarks`) VALUES
	(1, '系统管理员 最高权限', '管理员', NULL),
	(2, '库房管理员', '库房管理员', NULL),
	(4, '采购管理员', '采购管理员', NULL),
	(5, '药房管理员', '药房管理员', '22');
/*!40000 ALTER TABLE `t_role` ENABLE KEYS */;

-- 导出  表 db_jxc.t_role_menu 结构
CREATE TABLE IF NOT EXISTS `t_role_menu` (
  `id` int(11) NOT NULL AUTO_INCREMENT,
  `menu_id` int(11) DEFAULT NULL,
  `role_id` int(11) DEFAULT NULL,
  PRIMARY KEY (`id`),
  KEY `FKsonb0rbt2u99hbrqqvv3r0wse` (`role_id`),
  KEY `FKhayg4ib6v7h1wyeyxhq6xlddq` (`menu_id`),
  CONSTRAINT `FKhayg4ib6v7h1wyeyxhq6xlddq` FOREIGN KEY (`menu_id`) REFERENCES `t_menu` (`id`),
  CONSTRAINT `FKsonb0rbt2u99hbrqqvv3r0wse` FOREIGN KEY (`role_id`) REFERENCES `t_role` (`id`),
  CONSTRAINT `t_role_menu_ibfk_1` FOREIGN KEY (`menu_id`) REFERENCES `t_menu` (`id`)
) ENGINE=InnoDB AUTO_INCREMENT=149 DEFAULT CHARSET=utf8 COMMENT='角色-页面映射';

-- 正在导出表  db_jxc.t_role_menu 的数据：~0 rows (大约)
/*!40000 ALTER TABLE `t_role_menu` DISABLE KEYS */;
INSERT INTO `t_role_menu` (`id`, `menu_id`, `role_id`) VALUES
	(2, 1, 1),
	(3, 10, 1),
	(4, 20, 1),
	(5, 30, 1),
	(7, 50, 1),
	(8, 60, 1),
	(9, 1010, 1),
	(10, 1020, 1),
	(11, 1030, 1),
	(12, 1040, 1),
	(14, 2010, 1),
	(15, 2020, 1),
	(16, 2030, 1),
	(17, 2040, 1),
	(21, 3030, 1),
	(23, 3050, 1),
	(30, 5010, 1),
	(31, 5020, 1),
	(32, 5030, 1),
	(33, 5040, 1),
	(34, 6010, 1),
	(35, 6020, 1),
	(43, 6030, 1),
	(44, 6040, 1),
	(64, 6050, 1),
	(119, 1, 2),
	(120, 30, 2),
	(121, 3030, 2),
	(122, 3050, 2),
	(123, 50, 2),
	(124, 5010, 2),
	(125, 5020, 2),
	(126, 5030, 2),
	(127, 5040, 2),
	(128, 60, 2),
	(129, 6040, 2),
	(130, 6050, 2),
	(131, 1, 4),
	(132, 10, 4),
	(133, 1010, 4),
	(134, 1020, 4),
	(135, 1030, 4),
	(136, 1040, 4),
	(137, 60, 4),
	(138, 6040, 4),
	(139, 6050, 4),
	(140, 1, 5),
	(141, 20, 5),
	(142, 2010, 5),
	(143, 2020, 5),
	(144, 2030, 5),
	(145, 2040, 5),
	(146, 60, 5),
	(147, 6040, 5),
	(148, 6050, 5);
/*!40000 ALTER TABLE `t_role_menu` ENABLE KEYS */;

-- 导出  表 db_jxc.t_sale_list 结构
CREATE TABLE IF NOT EXISTS `t_sale_list` (
  `id` int(11) NOT NULL AUTO_INCREMENT,
  `amount_paid` float NOT NULL,
  `amount_payable` float NOT NULL,
  `remarks` varchar(1000) DEFAULT NULL,
  `sale_date` datetime DEFAULT NULL,
  `sale_number` varchar(100) DEFAULT NULL,
  `state` int(11) DEFAULT NULL,
  `user_id` int(11) DEFAULT NULL,
  `customer_id` int(11) DEFAULT NULL,
  PRIMARY KEY (`id`),
  KEY `FK34bnujemrdqimbhg133enp8k8` (`user_id`),
  KEY `FKox4qfs87eu3fvwdmrvelqhi8e` (`customer_id`),
  CONSTRAINT `FK34bnujemrdqimbhg133enp8k8` FOREIGN KEY (`user_id`) REFERENCES `t_user` (`id`),
  CONSTRAINT `FKox4qfs87eu3fvwdmrvelqhi8e` FOREIGN KEY (`customer_id`) REFERENCES `t_customer` (`id`)
) ENGINE=InnoDB AUTO_INCREMENT=29 DEFAULT CHARSET=utf8 COMMENT='销售出库单';

-- 正在导出表  db_jxc.t_sale_list 的数据：~0 rows (大约)
/*!40000 ALTER TABLE `t_sale_list` DISABLE KEYS */;
INSERT INTO `t_sale_list` (`id`, `amount_paid`, `amount_payable`, `remarks`, `sale_date`, `sale_number`, `state`, `user_id`, `customer_id`) VALUES
	(26, 2000, 2000, '', '2019-05-14 00:00:00', 'XS201905140001', 1, 1, 1),
	(27, 5050, 5050, 'AT进行n次入库操作', '2019-05-15 00:00:00', 'XS201905150001', 1, 1, 3),
	(28, 6000, 6000, 'AT进行n+1次入库操作', '2019-05-15 00:00:00', 'XS201905150002', 1, 1, 1);
/*!40000 ALTER TABLE `t_sale_list` ENABLE KEYS */;

-- 导出  表 db_jxc.t_sale_list_drugs 结构
CREATE TABLE IF NOT EXISTS `t_sale_list_drugs` (
  `id` int(11) NOT NULL AUTO_INCREMENT,
  `code` varchar(50) DEFAULT NULL,
  `model` varchar(50) DEFAULT NULL,
  `name` varchar(50) DEFAULT NULL,
  `num` int(11) NOT NULL,
  `price` float NOT NULL,
  `total` float NOT NULL,
  `unit` varchar(10) DEFAULT NULL,
  `sale_list_id` int(11) DEFAULT NULL,
  `type_id` int(11) DEFAULT NULL,
  `drugs_id` int(11) DEFAULT NULL,
  PRIMARY KEY (`id`),
  KEY `FK20ehd6ta9geyql4hxtdsnhbox` (`sale_list_id`),
  KEY `FKn9i5p1d8f0gek5x7q45cq8ibw` (`type_id`),
  CONSTRAINT `FK20ehd6ta9geyql4hxtdsnhbox` FOREIGN KEY (`sale_list_id`) REFERENCES `t_sale_list` (`id`),
  CONSTRAINT `FK2e4vuqfqs27pka3invt1k9cor` FOREIGN KEY (`sale_list_id`) REFERENCES `t_sale_list` (`id`),
  CONSTRAINT `FKn9i5p1d8f0gek5x7q45cq8ibw` FOREIGN KEY (`type_id`) REFERENCES `t_drugstype` (`id`),
  CONSTRAINT `FKnqm33pn0yax59ocuomhmkl9hp` FOREIGN KEY (`type_id`) REFERENCES `t_drugstype` (`id`)
) ENGINE=InnoDB AUTO_INCREMENT=51 DEFAULT CHARSET=utf8 COMMENT='销售出库药品';

-- 正在导出表  db_jxc.t_sale_list_drugs 的数据：~0 rows (大约)
/*!40000 ALTER TABLE `t_sale_list_drugs` DISABLE KEYS */;
INSERT INTO `t_sale_list_drugs` (`id`, `code`, `model`, `name`, `num`, `price`, `total`, `unit`, `sale_list_id`, `type_id`, `drugs_id`) VALUES
	(47, '0001', '一盒四板', '维力青 恩替卡韦分散片', 100, 20, 2000, '盒', 26, 6, 1),
	(48, '0002', '一盒四板', '恩甘定 恩替卡韦分散片', 100, 25, 2500, '盒', 27, 6, 2),
	(49, '0007', '一盒四板', '开浦兰 左乙拉西坦片', 10, 255, 2550, '盒', 27, 8, 42),
	(50, '0003', '一盒六板', '谱乐益 匹多莫德颗粒', 100, 60, 6000, '盒', 28, 7, 38);
/*!40000 ALTER TABLE `t_sale_list_drugs` ENABLE KEYS */;

-- 导出  表 db_jxc.t_supplier 结构
CREATE TABLE IF NOT EXISTS `t_supplier` (
  `id` int(11) NOT NULL AUTO_INCREMENT,
  `address` varchar(300) DEFAULT NULL,
  `contact` varchar(50) DEFAULT NULL,
  `name` varchar(200) DEFAULT NULL,
  `number` varchar(50) DEFAULT NULL,
  `remarks` varchar(1000) DEFAULT NULL,
  PRIMARY KEY (`id`)
) ENGINE=InnoDB AUTO_INCREMENT=24 DEFAULT CHARSET=utf8 COMMENT='进货商家';

-- 正在导出表  db_jxc.t_supplier 的数据：~0 rows (大约)
/*!40000 ALTER TABLE `t_supplier` DISABLE KEYS */;
INSERT INTO `t_supplier` (`id`, `address`, `contact`, `name`, `number`, `remarks`) VALUES
	(1, '武当梅花桩', '小一', '梅花桩中医药有限公司', '0773-7217175', '值得信赖'),
	(3, '逍遥岛', '小三', '逍遥派医药器械有限公司', '0773-7217166', ''),
	(4, '峨眉山', '小四', '峨眉派医药品有限公司', '0131-123123', ''),
	(5, '昆仑山', '小五', '昆仑正宗家用医药器械有限公司', '0101-12312312', ''),
	(6, '蜀山', '小六', '蜀山派国内药品生产公司', '0666-7217175', ''),
	(7, '魔山', '小七', '魔山派进口药品有限公司', '1131-12312312', '卖假药');
/*!40000 ALTER TABLE `t_supplier` ENABLE KEYS */;

-- 导出  表 db_jxc.t_user 结构
CREATE TABLE IF NOT EXISTS `t_user` (
  `id` int(11) NOT NULL AUTO_INCREMENT,
  `bz` varchar(1000) DEFAULT NULL,
  `password` varchar(50) DEFAULT NULL,
  `true_name` varchar(50) DEFAULT NULL,
  `user_name` varchar(50) DEFAULT NULL,
  `remarks` varchar(1000) DEFAULT NULL,
  PRIMARY KEY (`id`)
) ENGINE=InnoDB AUTO_INCREMENT=11 DEFAULT CHARSET=utf8 COMMENT='用户';

-- 正在导出表  db_jxc.t_user 的数据：~0 rows (大约)
/*!40000 ALTER TABLE `t_user` DISABLE KEYS */;
INSERT INTO `t_user` (`id`, `bz`, `password`, `true_name`, `user_name`, `remarks`) VALUES
	(1, '管理员', '123', '李狗蛋', 'admin', NULL),
	(2, '库房管理员', '123', '王大锤', 'jack', '2'),
	(3, '采购管理员', '123', '玛丽', 'marry', '33'),
	(4, '药房管理员', '123', '张二麻子', 'rose', NULL),
	(10, NULL, '123', '萝卜丁', 'anna', '23333');
/*!40000 ALTER TABLE `t_user` ENABLE KEYS */;

-- 导出  表 db_jxc.t_user_role 结构
CREATE TABLE IF NOT EXISTS `t_user_role` (
  `id` int(11) NOT NULL AUTO_INCREMENT,
  `role_id` int(11) DEFAULT NULL,
  `user_id` int(11) DEFAULT NULL,
  PRIMARY KEY (`id`),
  KEY `FKa9c8iiy6ut0gnx491fqx4pxam` (`role_id`),
  KEY `FKq5un6x7ecoef5w1n39cop66kl` (`user_id`),
  CONSTRAINT `FKa9c8iiy6ut0gnx491fqx4pxam` FOREIGN KEY (`role_id`) REFERENCES `t_role` (`id`),
  CONSTRAINT `FKq5un6x7ecoef5w1n39cop66kl` FOREIGN KEY (`user_id`) REFERENCES `t_user` (`id`)
) ENGINE=InnoDB AUTO_INCREMENT=34 DEFAULT CHARSET=utf8 COMMENT='用户-角色映射';

-- 正在导出表  db_jxc.t_user_role 的数据：~0 rows (大约)
/*!40000 ALTER TABLE `t_user_role` DISABLE KEYS */;
INSERT INTO `t_user_role` (`id`, `role_id`, `user_id`) VALUES
	(1, 1, 1),
	(2, 2, 2),
	(3, 4, 3),
	(4, 5, 4),
	(33, 4, 10);
/*!40000 ALTER TABLE `t_user_role` ENABLE KEYS */;

/*!40101 SET SQL_MODE=IFNULL(@OLD_SQL_MODE, '') */;
/*!40014 SET FOREIGN_KEY_CHECKS=IF(@OLD_FOREIGN_KEY_CHECKS IS NULL, 1, @OLD_FOREIGN_KEY_CHECKS) */;
/*!40101 SET CHARACTER_SET_CLIENT=@OLD_CHARACTER_SET_CLIENT */;
